net_user,age,male,friend_cnt,avg_friend_age,avg_friend_male,friend_country_cnt,subscriber_friend_cnt,songsListened,subscription_spending_$,posts,playlists,shouts,adopter,tenure,good_country
rheacore,20.0,0.0,169.0,22.80851064,0.675496689,20.0,2.0,23660,180,0,0,162.0,0,61.0,0.0
memhox,30.0,1.0,3.0,24.5,1.0,1.0,0.0,71025,0,0,0,5.0,0,31.0,0.0
ambershanahan,,,2.0,21.0,1.0,1.0,0.0,3602,0,0,0,3.0,0,7.0,
franek55,,,2.0,28.0,0.0,2.0,0.0,0,0,0,0,1.0,0,48.0,
nupesmoker1911,,,0.0,,,0.0,0.0,1043,548,0,0,0.0,0,25.0,
mageron,,,1.0,19.0,0.0,1.0,0.0,2,1,0,0,1.0,0,16.0,
denby87,,,0.0,,,0.0,0.0,4485,86,0,1,0.0,1,19.0,
g1naf3,,1.0,4.0,25.0,0.5,1.0,0.0,1667,1,0,1,1.0,0,33.0,0.0
hanamizuki-,19.0,,11.0,20.36363636,0.0,7.0,0.0,21742,5,0,0,1.0,0,11.0,0.0
myar7,,1.0,3.0,,0.5,2.0,0.0,2341,1,0,0,54.0,0,36.0,
niota,22.0,1.0,19.0,22.07142857,0.933333333,6.0,0.0,9010,64,0,0,3.0,0,81.0,1.0
cliff_rules,25.0,1.0,1.0,23.0,1.0,1.0,0.0,4149,0,9,0,0.0,0,83.0,0.0
maiku07,22.0,1.0,3.0,21.0,0.333333333,1.0,0.0,313,11,0,0,1.0,0,30.0,1.0
bigenoughsack,,,0.0,,,0.0,0.0,472,78,0,0,0.0,0,25.0,
garfield30,33.0,1.0,1.0,31.0,0.0,1.0,0.0,379,29,0,1,1.0,0,33.0,
ashton1015,40.0,1.0,1.0,33.0,1.0,1.0,0.0,904,2,0,0,2.0,0,44.0,1.0
sreshtap,,,0.0,,,0.0,0.0,1051,58,0,1,1.0,0,14.0,
paguodos_giesme,20.0,0.0,2.0,18.0,0.0,1.0,0.0,15197,3,0,1,8.0,0,48.0,0.0
vasis123,,,1.0,21.0,1.0,1.0,0.0,156,10,0,0,2.0,0,12.0,
locomaximus1959,,,0.0,,,0.0,0.0,533,298,0,0,0.0,0,14.0,
last_on_bleach,22.0,1.0,29.0,22.83333333,0.55,2.0,1.0,70911,88,52,1,70.0,0,68.0,1.0
ash_crimson,29.0,1.0,3.0,27.0,1.0,1.0,0.0,8353,588,1,1,0.0,0,59.0,0.0
bartopanter,36.0,1.0,1.0,42.0,1.0,1.0,0.0,1745,29,0,0,3.0,1,29.0,0.0
punkrockluvr,20.0,0.0,16.0,22.14285714,0.8125,7.0,0.0,244,36,0,2,28.0,0,47.0,1.0
karbolik,33.0,1.0,11.0,25.125,0.333333333,2.0,0.0,13383,140,1,2,17.0,0,71.0,0.0
kinkychicken,27.0,0.0,1.0,27.0,1.0,1.0,0.0,13,0,0,0,5.0,0,62.0,0.0
akrodha,23.0,0.0,46.0,28.05714286,0.690476191,7.0,5.0,15031,126,0,0,15.0,1,65.0,1.0
onisama,,1.0,1.0,,1.0,1.0,0.0,29181,0,0,0,1.0,0,83.0,1.0
osagastume,,1.0,0.0,,,0.0,0.0,9406,160,0,1,1.0,0,43.0,0.0
gwynvyd,,,1.0,,1.0,1.0,0.0,0,0,0,0,1.0,0,24.0,
rxconstellation,24.0,0.0,33.0,24.96153846,0.769230769,3.0,1.0,30059,64,7,0,33.0,0,75.0,1.0
devynx,,,1.0,22.0,0.0,1.0,0.0,12144,0,0,1,2.0,0,28.0,
mellowtraxer,35.0,1.0,2.0,26.0,1.0,2.0,0.0,8958,89,0,0,1.0,0,54.0,1.0
piccoletto,,,2.0,26.0,0.0,2.0,0.0,355,0,0,0,6.0,0,26.0,
sonofaque86,25.0,1.0,239.0,24.21717172,0.607305936,33.0,8.0,22378,308,37,1,732.0,0,73.0,1.0
sanvicenc,23.0,1.0,9.0,23.375,0.125,6.0,0.0,34720,65,1,0,7.0,0,40.0,
thegameofuol,16.0,1.0,188.0,19.18471338,0.790697674,11.0,2.0,33371,324,1,0,80.0,0,31.0,0.0
hannarubin,,0.0,4.0,26.0,0.5,2.0,0.0,0,0,0,1,1.0,0,44.0,0.0
trzask-prask,22.0,0.0,26.0,23.29411765,0.666666667,6.0,0.0,21100,84,0,0,145.0,0,43.0,0.0
mickeyd1989,,,0.0,,,0.0,0.0,1811,68,0,0,0.0,0,15.0,
trufux,,,0.0,,,0.0,0.0,833,73,0,0,0.0,0,14.0,
vietiplatsch,15.0,1.0,5.0,16.5,0.5,1.0,0.0,1246,45,0,1,1.0,0,19.0,1.0
lovehairlong,22.0,0.0,4.0,21.66666667,0.333333333,2.0,0.0,3158,163,0,1,30.0,0,52.0,0.0
ramianne,27.0,0.0,3.0,28.0,0.0,1.0,0.0,2163,0,0,0,2.0,0,30.0,0.0
ordnung,41.0,,18.0,34.0,0.833333333,6.0,0.0,32467,106,0,1,2.0,0,66.0,0.0
sleepy-sarah,19.0,0.0,5.0,19.2,0.2,3.0,0.0,76,4,2,1,14.0,0,51.0,0.0
tsurutsuru,26.0,1.0,10.0,27.33333333,0.5,6.0,0.0,74372,0,0,0,40.0,0,60.0,0.0
russashby,38.0,1.0,5.0,39.5,0.75,2.0,0.0,12544,51,2,1,2.0,0,69.0,1.0
octaviaoath,20.0,0.0,20.0,21.6,0.411764706,5.0,0.0,144564,465,0,1,16.0,0,67.0,1.0
dontaxeus,19.0,,1.0,23.0,1.0,0.0,0.0,10806,30,0,0,1.0,0,45.0,
computerwiz888,21.0,1.0,2.0,,1.0,1.0,0.0,1210,8,0,0,5.0,0,42.0,1.0
bea__28,19.0,0.0,4.0,19.75,0.5,2.0,0.0,7091,23,0,1,2.0,0,39.0,0.0
ricsmalaquias,,,11.0,29.25,0.5,5.0,0.0,11101,0,0,0,3.0,0,49.0,0.0
nempsey,,1.0,10.0,34.66666667,0.777777778,2.0,1.0,4954,0,2,0,3.0,0,72.0,1.0
ox5cottyxo,,,0.0,,,0.0,0.0,3141,9,0,0,0.0,0,25.0,
artlab,,,3.0,25.0,1.0,1.0,0.0,1,0,0,1,1.0,0,,
woodster9,,,1.0,,,0.0,0.0,661,15,0,0,1.0,0,34.0,
demifey,,0.0,1.0,21.0,0.0,1.0,0.0,102,4,0,0,1.0,0,11.0,1.0
redbrickwall,,0.0,12.0,22.33333333,0.090909091,2.0,0.0,31395,23,0,0,35.0,0,51.0,0.0
vera-aleks,,0.0,4.0,49.0,1.0,3.0,1.0,13,40,0,1,0.0,0,25.0,0.0
herroradies,,1.0,6.0,21.8,0.6,2.0,0.0,5014,70,0,0,1.0,0,21.0,
sakaido,17.0,1.0,16.0,16.6,0.615384615,3.0,0.0,59002,375,0,0,132.0,0,27.0,1.0
spinny808,,,7.0,31.4,0.6,4.0,0.0,11421,44,0,1,2.0,0,43.0,
jelm7,23.0,1.0,2.0,21.5,0.5,1.0,0.0,111,27,0,1,5.0,0,41.0,
sazed,17.0,1.0,1.0,,,0.0,0.0,281,0,0,0,2.0,0,25.0,0.0
kamtar,29.0,0.0,4.0,31.0,1.0,3.0,1.0,20563,1,0,1,2.0,0,44.0,0.0
knewt,,,3.0,24.0,1.0,1.0,0.0,2256,1,0,0,0.0,0,62.0,
yurtos,24.0,1.0,8.0,24.33333333,0.571428571,2.0,0.0,11866,33,0,1,6.0,0,53.0,0.0
brucky11,,,0.0,,,0.0,0.0,3493,0,0,0,1.0,0,16.0,
annaneuchatel,,,1.0,,,0.0,0.0,26,0,0,0,1.0,0,20.0,
ufk,,0.0,2.0,35.0,1.0,1.0,0.0,32046,0,0,1,0.0,0,74.0,
ernestoglopez,,,0.0,,,0.0,0.0,3324,0,0,0,1.0,0,32.0,
kazmats,,,2.0,31.0,1.0,2.0,1.0,18253,83,0,1,0.0,0,66.0,
brtmk,,,0.0,,,0.0,0.0,859,34,0,0,0.0,0,25.0,
ribesnero,27.0,0.0,12.0,26.77777778,0.727272727,3.0,0.0,1686,1,0,1,6.0,0,52.0,0.0
jonepetersen,,,2.0,34.0,0.5,2.0,0.0,41568,0,0,0,2.0,0,40.0,
blue__petal,,,1.0,21.0,0.0,1.0,0.0,2,0,0,1,0.0,0,44.0,1.0
telemnaro,24.0,1.0,90.0,23.69230769,0.58974359,19.0,5.0,42053,55,242,1,266.0,0,80.0,
science-man,,,1.0,31.0,1.0,1.0,0.0,3,0,0,0,1.0,0,25.0,0.0
ajf891,,,0.0,,,0.0,0.0,1774,3,0,0,0.0,0,23.0,
pargao,,,0.0,,,0.0,0.0,63,3,0,1,0.0,0,22.0,
carlhighnote,,,1.0,,1.0,1.0,0.0,0,0,0,0,1.0,0,54.0,
soillusory,25.0,0.0,9.0,25.25,0.714285714,2.0,0.0,10041,7,0,0,6.0,0,62.0,1.0
n04noi_sn1per,22.0,1.0,10.0,20.85714286,0.25,2.0,0.0,10223,56,0,0,2.0,0,41.0,0.0
tonninen,20.0,0.0,25.0,20.85714286,0.727272727,2.0,0.0,2045,22,0,0,8.0,0,37.0,0.0
lightofthemoon,19.0,0.0,10.0,18.88888889,0.666666667,3.0,0.0,298,9,0,1,13.0,0,32.0,0.0
avalanchetm,20.0,1.0,2.0,21.0,0.0,1.0,0.0,6000,11,0,0,1.0,0,22.0,1.0
pierrotechnique,,1.0,1.0,,,0.0,0.0,0,1,0,1,2.0,0,31.0,0.0
k1ng_cmiceman33,,,11.0,18.0,0.857142857,2.0,1.0,52805,100,0,0,1.0,0,14.0,
marien999,,,2.0,34.0,0.0,1.0,0.0,107,0,0,0,1.0,0,47.0,
mikyan93,25.0,,1.0,13.0,0.0,1.0,0.0,52109,67,0,0,3.0,0,24.0,0.0
sabriii,,0.0,33.0,21.33333333,0.419354839,2.0,0.0,5994,0,0,1,116.0,0,52.0,
nelle12,15.0,0.0,20.0,17.93333333,0.176470588,9.0,0.0,483,43,1,1,9.0,0,25.0,1.0
vgiaretta,,0.0,5.0,24.0,0.75,1.0,0.0,5219,0,0,0,2.0,0,48.0,
dano5,23.0,1.0,123.0,20.8125,0.905660377,19.0,3.0,87844,20,5,2,506.0,0,44.0,0.0
supernova_kid,33.0,1.0,0.0,,,0.0,0.0,779,467,0,0,1.0,0,28.0,1.0
fecundmellow,31.0,0.0,1.0,30.0,1.0,1.0,1.0,88,43,0,0,1.0,0,38.0,1.0
xdphoenix96,,1.0,2.0,16.0,1.0,1.0,0.0,525,4,0,0,3.0,0,22.0,1.0
debbiio,19.0,0.0,93.0,21.30379747,0.61038961,10.0,0.0,7671,85,0,0,144.0,0,34.0,0.0
egghard,,1.0,2.0,33.0,1.0,1.0,0.0,3540,11,0,1,0.0,0,74.0,0.0
ivanatorhk,20.0,,1.0,25.0,1.0,1.0,0.0,28258,14,0,0,1.0,0,19.0,1.0
lenty,23.0,1.0,27.0,24.28571429,0.652173913,5.0,0.0,96186,15,56,1,356.0,0,86.0,1.0
mozg_g,,1.0,1.0,,1.0,0.0,0.0,51,1,0,1,0.0,0,44.0,0.0
maldogg91,20.0,1.0,2.0,69.0,0.0,0.0,0.0,2271,33,0,1,0.0,0,7.0,1.0
hinoco,,0.0,19.0,29.0,0.692307692,1.0,0.0,48878,12,0,0,3.0,0,35.0,0.0
craftygangsta,,,1.0,,,1.0,0.0,0,0,0,0,0.0,0,24.0,
marysoulchild,17.0,0.0,4.0,20.75,0.25,1.0,0.0,1,7,0,1,2.0,0,27.0,0.0
sebuu_,19.0,1.0,6.0,18.75,0.75,1.0,0.0,27351,0,0,0,0.0,0,49.0,0.0
mc_annonymouse,24.0,1.0,5.0,24.5,1.0,2.0,0.0,16414,2,0,0,2.0,0,84.0,1.0
elbati,29.0,1.0,16.0,27.375,0.666666667,1.0,0.0,68556,0,11,2,55.0,1,57.0,0.0
johnnyredbeans,29.0,1.0,3.0,34.0,0.333333333,1.0,0.0,3307,0,0,0,4.0,0,59.0,1.0
infinityends33,,,2.0,20.5,0.5,1.0,0.0,4364,27,0,0,1.0,0,39.0,
proton_queen,27.0,0.0,15.0,28.55555556,0.692307692,7.0,1.0,1980,169,0,1,7.0,0,63.0,1.0
pingsooo,43.0,0.0,49.0,35.46875,0.794871795,21.0,6.0,22663,708,2,0,147.0,0,52.0,0.0
abymon,22.0,0.0,11.0,23.0,1.0,4.0,0.0,37,2,0,0,5.0,1,39.0,0.0
stsbb,,,27.0,21.5625,0.681818182,12.0,0.0,45568,60,0,0,35.0,0,41.0,0.0
echo788,,0.0,9.0,22.33333333,0.6,2.0,1.0,16293,4,0,0,7.0,0,4.0,
supremedivine,,1.0,0.0,,,0.0,0.0,7972,0,0,1,1.0,0,13.0,1.0
krissslt,30.0,0.0,0.0,,,0.0,0.0,84,9,0,1,3.0,0,11.0,
morik12,,1.0,12.0,21.6,1.0,3.0,0.0,8929,37,0,0,1.0,0,42.0,0.0
ewsalter,,,5.0,26.0,1.0,1.0,0.0,118572,68,0,0,1.0,0,75.0,
richard_,24.0,1.0,8.0,24.0,1.0,1.0,0.0,620,0,0,0,0.0,0,73.0,1.0
pausaez,,,2.0,23.5,0.0,1.0,0.0,351,0,0,0,5.0,0,29.0,
arsenefaithful,25.0,1.0,2.0,23.0,0.5,2.0,0.0,2408,10,0,1,1.0,0,54.0,0.0
delboni,,,10.0,30.28571429,0.857142857,2.0,0.0,93,10,0,0,1.0,0,54.0,
kayt3,,0.0,44.0,21.2,0.45,7.0,0.0,51200,256,1,1,45.0,0,40.0,
svmeda,,,0.0,,,0.0,0.0,0,3,0,1,1.0,0,14.0,
janeyn,,,1.0,48.0,1.0,1.0,0.0,32,0,0,0,1.0,0,43.0,
edwardd06,22.0,1.0,0.0,,,0.0,0.0,7554,177,0,1,0.0,0,68.0,
silversheeps,19.0,0.0,1.0,17.0,0.0,1.0,0.0,6,1,0,0,9.0,0,37.0,0.0
jagv,,,1.0,,,0.0,0.0,1,4,0,0,1.0,0,31.0,
julkarn,,1.0,16.0,29.28571429,0.933333333,4.0,0.0,3465,1,0,0,7.0,0,63.0,
moustiq77,,,1.0,24.0,1.0,1.0,0.0,144,36,0,0,1.0,0,56.0,
adria96,17.0,0.0,5.0,16.66666667,0.0,1.0,0.0,12674,54,0,0,4.0,0,20.0,0.0
rettsan18,23.0,1.0,1.0,27.0,1.0,1.0,0.0,153,79,0,1,1.0,0,57.0,1.0
kesuiket,30.0,1.0,1.0,36.0,0.0,1.0,0.0,1195,22,0,1,1.0,1,22.0,0.0
adjr05,40.0,1.0,1.0,21.0,1.0,1.0,0.0,4114,33,0,2,5.0,0,47.0,1.0
bolle_b,,1.0,7.0,22.6,0.571428571,2.0,0.0,30775,218,0,3,12.0,0,25.0,
evilbebi,,1.0,4.0,22.75,1.0,3.0,0.0,28870,0,0,1,2.0,0,55.0,1.0
lovely_sonata,18.0,1.0,11.0,23.0,0.444444444,5.0,0.0,10182,22,0,0,68.0,0,36.0,1.0
ricardoalas,22.0,1.0,5.0,25.66666667,1.0,1.0,0.0,1546,21,0,0,1.0,0,20.0,0.0
viniciuspaludo,20.0,1.0,27.0,22.86363636,0.384615385,4.0,0.0,29745,12,1,0,5.0,0,25.0,0.0
napierdalaj,,1.0,1.0,22.0,1.0,1.0,0.0,9190,8,0,0,0.0,0,13.0,
lqkobe,,,0.0,,,0.0,0.0,470,15,0,0,0.0,0,25.0,
pillanka,25.0,0.0,5.0,22.66666667,0.333333333,1.0,0.0,2659,545,0,1,2.0,0,39.0,0.0
nicofdez20,,,1.0,20.0,0.0,1.0,0.0,0,0,0,0,1.0,0,17.0,
chonchos,24.0,0.0,12.0,26.33333333,0.9,3.0,1.0,15046,5,0,0,7.0,0,66.0,1.0
heloisethomson,22.0,0.0,8.0,23.5,1.0,1.0,0.0,32641,35,0,1,15.0,0,25.0,1.0
mariwiggum,16.0,1.0,3.0,18.0,0.5,1.0,0.0,127,9,0,1,4.0,0,28.0,1.0
ellierandy,,,2.0,28.0,0.5,2.0,0.0,1720,7,0,1,2.0,0,57.0,
flanmanyessir,,,7.0,19.33333333,0.4,1.0,0.0,11945,3,0,1,4.0,0,26.0,
albarlex,,,28.0,22.57894737,0.84,6.0,0.0,6784,30,0,0,46.0,0,24.0,
bibasse7,,,1.0,22.0,0.0,1.0,0.0,0,0,0,0,1.0,0,48.0,
elamona,29.0,1.0,18.0,30.2,0.75,5.0,5.0,71212,3,5,0,0.0,1,60.0,0.0
hyperslow,25.0,1.0,2.0,24.0,1.0,1.0,0.0,1497,0,0,1,2.0,0,58.0,0.0
awadhera,,,0.0,,,0.0,0.0,1532,8,0,0,2.0,1,28.0,
daniel_ultra,19.0,1.0,3.0,19.0,1.0,2.0,0.0,1122,0,0,1,1.0,0,49.0,0.0
oak888,24.0,0.0,1.0,30.0,1.0,1.0,0.0,1132,2,0,0,3.0,0,14.0,1.0
kunku_13,,1.0,2.0,22.0,1.0,1.0,0.0,27625,133,0,0,1.0,0,10.0,0.0
lebron--,16.0,1.0,2.0,17.0,1.0,1.0,0.0,570,10,0,0,2.0,0,36.0,0.0
thejellomonster,,,1.0,,0.0,1.0,0.0,58,51,0,0,1.0,0,28.0,
rowanberry,33.0,0.0,14.0,34.125,0.888888889,5.0,1.0,46670,523,0,1,8.0,1,78.0,1.0
ghirt,,,1.0,26.0,1.0,1.0,0.0,266,15,0,1,1.0,0,49.0,
starfish47,,0.0,6.0,22.25,1.0,4.0,0.0,31662,4,0,0,29.0,0,57.0,
chamanter,27.0,1.0,5.0,32.5,0.8,4.0,0.0,29126,3,1,1,8.0,0,54.0,0.0
evgenus,,1.0,1.0,28.0,1.0,1.0,0.0,127,0,0,1,4.0,0,42.0,0.0
amiablecreature,29.0,0.0,2.0,27.5,1.0,2.0,0.0,16806,16,0,0,0.0,0,73.0,1.0
blitvaljka,,1.0,2.0,19.0,1.0,1.0,0.0,12,0,0,0,1.0,0,23.0,0.0
czupaczups,,,1.0,,1.0,1.0,0.0,0,0,0,0,2.0,0,39.0,
gabrielganem,19.0,1.0,38.0,21.2962963,0.612903226,5.0,1.0,22072,0,0,0,31.0,0,28.0,0.0
mandardj,,,1.0,,,0.0,0.0,488,26,0,0,1.0,0,35.0,
abhagwat,,,1.0,,,0.0,0.0,225,9,0,0,1.0,0,46.0,
shaikan,,1.0,1.0,,,0.0,0.0,0,0,0,0,1.0,0,43.0,
smiledot,20.0,0.0,9.0,20.0,0.333333333,3.0,0.0,17027,0,0,1,4.0,0,47.0,0.0
twilight8642,26.0,0.0,1.0,21.0,0.0,1.0,0.0,309,16,0,1,2.0,0,39.0,0.0
xhalo_one,,,1.0,29.0,,1.0,0.0,11953,2408,0,1,0.0,0,24.0,
xymox007,,1.0,1.0,30.0,0.0,1.0,0.0,114,32,0,0,2.0,0,33.0,
jabnin03,,,1.0,23.0,1.0,1.0,0.0,1511,1,0,1,1.0,0,41.0,
henriqueweiler,17.0,1.0,20.0,21.5,0.833333333,2.0,0.0,11688,30,0,0,0.0,0,8.0,0.0
chrissiblack,20.0,,12.0,26.625,0.625,2.0,0.0,4106,85,0,0,1.0,0,33.0,1.0
memphismafia77,,,3.0,19.0,0.5,1.0,0.0,226,0,0,0,1.0,0,16.0,
ridgefor,,1.0,7.0,23.57142857,1.0,3.0,1.0,6237,1,0,0,1.0,0,36.0,0.0
aqualung85,29.0,1.0,0.0,,,0.0,0.0,0,0,0,0,1.0,0,17.0,1.0
burntherope,,1.0,1.0,20.0,0.0,1.0,0.0,235,8,0,0,0.0,0,64.0,
drumxkorp,20.0,1.0,24.0,21.13333333,0.722222222,3.0,0.0,16972,0,1,0,2.0,0,37.0,1.0
eamoneamoneamon,,,10.0,21.0,0.833333333,1.0,0.0,8074,9,0,0,4.0,0,39.0,1.0
boffintim,19.0,1.0,6.0,18.5,1.0,1.0,0.0,48574,0,0,0,1.0,0,17.0,1.0
tazbgc,31.0,1.0,5.0,24.2,0.25,1.0,0.0,524,0,0,1,3.0,1,55.0,0.0
nakamura502,26.0,1.0,1.0,26.0,1.0,1.0,0.0,101,0,0,0,2.0,0,65.0,0.0
xxshinbobxx,16.0,0.0,4.0,24.5,0.333333333,2.0,0.0,484,2,0,1,2.0,0,41.0,0.0
jim_von_os,,,1.0,26.0,,1.0,0.0,39,5,0,0,2.0,0,6.0,
weency,24.0,1.0,3.0,26.0,1.0,1.0,0.0,638,11,0,0,3.0,0,55.0,1.0
suenft,,,5.0,28.0,1.0,3.0,0.0,3417,98,0,0,,0,36.0,
thiagooak,22.0,1.0,1.0,23.0,1.0,1.0,0.0,16442,18,0,0,1.0,1,32.0,0.0
minionsengage,25.0,1.0,7.0,27.71428571,0.571428571,3.0,1.0,43485,38,169,1,1.0,0,71.0,1.0
mayakomarac,24.0,0.0,14.0,20.7,0.083333333,7.0,0.0,86377,129,0,0,66.0,0,19.0,0.0
munchin,,,0.0,,,0.0,0.0,16291,141,0,0,1.0,0,25.0,1.0
dudegalea,,,2.0,,,0.0,0.0,89,20,0,2,1.0,1,55.0,
jaledwith,,,0.0,,,0.0,0.0,7315,2,0,2,,0,55.0,1.0
thebobson,24.0,1.0,5.0,21.25,0.2,1.0,0.0,6204,8,0,1,2.0,0,48.0,0.0
origamii,24.0,0.0,1.0,31.0,0.0,1.0,0.0,1144,146,0,1,0.0,0,70.0,1.0
mashka_f13,19.0,0.0,0.0,,,0.0,0.0,1513,36,0,0,3.0,0,38.0,0.0
asylumed,,,2.0,29.0,1.0,1.0,0.0,21390,0,0,0,0.0,0,69.0,
royalevan,,,0.0,,,0.0,0.0,145,0,0,0,1.0,0,17.0,
astridsann,35.0,0.0,20.0,32.3125,0.631578947,2.0,1.0,9575,20,0,0,1.0,0,13.0,0.0
stormymusic,21.0,1.0,6.0,22.5,0.75,2.0,0.0,477,17,0,1,1.0,1,38.0,0.0
chilldoubt,29.0,,2.0,44.0,1.0,1.0,0.0,26059,0,0,0,0.0,0,80.0,1.0
lipazavr,,,2.0,,,0.0,0.0,11601,9,0,1,2.0,0,44.0,
cosmonauta,25.0,1.0,8.0,28.42857143,0.5,1.0,0.0,1299,25,1,1,3.0,0,78.0,0.0
jwvw23,,1.0,4.0,27.0,1.0,2.0,0.0,5119,19,0,1,0.0,0,77.0,0.0
god_sick,,,1.0,17.0,0.0,1.0,0.0,512,0,0,0,1.0,0,18.0,
eusoualu,20.0,0.0,40.0,20.64705882,0.842105263,3.0,0.0,30491,18,0,0,77.0,0,56.0,0.0
section2b,,,1.0,29.0,0.0,1.0,0.0,0,0,0,1,1.0,0,49.0,
fullmetalash,20.0,0.0,9.0,22.85714286,0.625,1.0,0.0,8481,56,0,0,6.0,1,20.0,1.0
bogusz47,,,1.0,,0.0,1.0,0.0,30,0,0,1,2.0,0,45.0,
firetoflames,24.0,1.0,34.0,23.08333333,0.291666667,5.0,0.0,72907,0,0,1,9.0,0,79.0,1.0
bdukeman,,,0.0,,,0.0,0.0,3003,108,0,0,1.0,1,16.0,
remmash,22.0,1.0,1.0,23.0,1.0,1.0,0.0,172,12,0,1,1.0,0,35.0,0.0
leohenrique0908,19.0,1.0,4.0,19.0,0.5,1.0,2.0,116,0,0,0,1.0,1,6.0,0.0
wetterprophet,25.0,1.0,25.0,24.3125,0.666666667,2.0,1.0,20170,3,0,0,5.0,0,59.0,1.0
bingouk69,40.0,1.0,3.0,35.0,0.666666667,1.0,0.0,7453,162,0,1,1.0,0,53.0,1.0
rich-lc,,1.0,4.0,32.0,1.0,3.0,0.0,4457,106,0,2,2.0,1,45.0,0.0
maulanaeboy,21.0,1.0,6.0,22.0,0.8,2.0,0.0,201,4,0,1,8.0,0,20.0,0.0
danidulcita,,,9.0,23.0,0.555555556,3.0,1.0,12386,12,0,0,3.0,0,26.0,0.0
kogutwokularach,,0.0,8.0,22.8,0.428571429,2.0,0.0,5141,172,2,1,2.0,0,30.0,0.0
psychedelicfuzz,,1.0,6.0,20.66666667,0.2,3.0,0.0,7337,0,0,0,3.0,0,57.0,1.0
maverick_ck,22.0,,3.0,21.5,1.0,2.0,0.0,2898,15,0,0,7.0,0,14.0,
kboe,,,5.0,21.75,0.666666667,1.0,0.0,7275,159,0,1,3.0,0,49.0,
szoteczek,,,1.0,22.0,1.0,1.0,0.0,324,3,0,1,1.0,0,33.0,
dizzu,25.0,,1.0,21.0,1.0,1.0,0.0,12800,30,0,1,0.0,1,68.0,0.0
kingrussian1,,,1.0,,,1.0,0.0,643,2,0,1,1.0,0,46.0,
linf_ord,28.0,1.0,8.0,25.66666667,0.428571429,2.0,0.0,18110,0,6,0,25.0,0,67.0,1.0
filosophyk,24.0,1.0,2.0,25.5,0.5,1.0,0.0,83,0,0,0,1.0,0,52.0,0.0
bernyenko,,,0.0,,,0.0,0.0,800,5,0,0,1.0,0,13.0,
rozenpotter,19.0,,5.0,20.0,0.75,1.0,0.0,0,0,0,0,1.0,0,55.0,0.0
eltonone,,,7.0,29.0,0.833333333,3.0,0.0,12727,50,10,2,11.0,0,59.0,
peganian,,,1.0,24.0,0.0,1.0,0.0,1,0,0,0,1.0,0,35.0,
hari1199,12.0,0.0,1.0,16.0,0.0,1.0,0.0,117,11,0,0,4.0,0,19.0,0.0
moreitaparica,,,1.0,,1.0,1.0,0.0,1451,36,0,1,1.0,0,37.0,
speed_crusher,21.0,1.0,1.0,,1.0,1.0,0.0,1,13,0,1,1.0,0,22.0,0.0
ycarnice,,,6.0,18.66666667,1.0,1.0,0.0,7,5,0,1,1.0,0,11.0,
shreyapatel,,,1.0,23.0,0.0,1.0,0.0,3737,24,0,0,1.0,0,63.0,
corbell467,,,0.0,,,0.0,0.0,711,327,0,0,0.0,0,14.0,
virus_kvartirus,28.0,1.0,3.0,28.0,1.0,1.0,0.0,2065,0,0,0,3.0,0,52.0,0.0
bernardol,,1.0,5.0,20.0,1.0,1.0,0.0,9365,11,0,1,1.0,0,27.0,0.0
hubristicabyss,,1.0,1.0,25.0,1.0,1.0,0.0,9,0,0,1,1.0,0,27.0,0.0
moka12345,,0.0,6.0,29.0,1.0,3.0,0.0,1,0,0,0,1.0,0,34.0,
robsf,,1.0,3.0,36.5,0.5,2.0,0.0,8026,107,0,2,1.0,0,57.0,1.0
unrealfiction,29.0,1.0,2.0,32.0,1.0,1.0,0.0,698,661,0,0,0.0,0,65.0,1.0
phasedma,27.0,1.0,0.0,,,0.0,0.0,1955,23,0,0,0.0,0,69.0,1.0
vluu,23.0,1.0,1.0,24.0,1.0,1.0,0.0,7454,14,0,1,1.0,0,51.0,
bredpig,21.0,1.0,3.0,21.0,0.666666667,3.0,0.0,8655,0,0,0,4.0,0,67.0,1.0
lunafloon,17.0,0.0,4.0,20.75,0.75,2.0,0.0,6024,14,0,1,1.0,0,17.0,1.0
gus_cassane,21.0,1.0,11.0,20.44444444,0.5,5.0,0.0,2221,0,0,1,2.0,0,42.0,0.0
deine_ex,21.0,0.0,29.0,24.0952381,0.428571429,6.0,1.0,11053,37,9,0,10.0,0,38.0,1.0
nastya666vampir,17.0,0.0,2.0,20.0,0.5,1.0,0.0,1451,17,0,0,4.0,0,31.0,0.0
photonsbefree,,,0.0,,,0.0,0.0,225,5,0,0,1.0,0,17.0,
smartkitty_86,25.0,0.0,2.0,26.0,1.0,1.0,1.0,5715,22,0,1,2.0,0,27.0,
davidelrisas,17.0,1.0,1.0,,,1.0,0.0,798,125,0,1,2.0,0,39.0,0.0
blackheartbree,19.0,0.0,3.0,18.66666667,0.0,1.0,0.0,61698,2776,140,0,1450.0,0,41.0,0.0
owlsmyles,,1.0,4.0,32.0,0.5,1.0,0.0,13170,51,0,1,2.0,0,43.0,
diez_xxx,19.0,1.0,1.0,25.0,1.0,1.0,0.0,0,0,0,0,1.0,0,19.0,0.0
fuckaspunk,21.0,0.0,15.0,21.69230769,0.538461539,1.0,0.0,4255,0,0,0,23.0,0,60.0,1.0
ladyyvampiree,20.0,,2.0,26.0,1.0,2.0,0.0,2,2,0,0,2.0,0,15.0,0.0
phuturetrax,,,18.0,34.33333333,0.666666667,3.0,0.0,188,3,0,1,1.0,0,51.0,1.0
goowe,21.0,1.0,9.0,21.625,0.555555556,4.0,0.0,24603,446,0,0,,0,21.0,0.0
yatsutanya,,0.0,17.0,27.0,1.0,2.0,1.0,10815,3,0,1,4.0,0,36.0,0.0
iceicebabyil,,,0.0,,,0.0,0.0,671,244,0,0,0.0,0,14.0,
drago101,14.0,1.0,2.0,21.0,1.0,2.0,0.0,609,100,4,0,0.0,0,25.0,1.0
karavashkin,,,1.0,,1.0,0.0,0.0,408,2,0,1,2.0,0,40.0,
prolagus,,,14.0,31.0,0.8,6.0,0.0,15017,100,2,0,3.0,0,27.0,
lowspeedchase,,1.0,4.0,27.0,1.0,2.0,0.0,48901,2,6,0,0.0,0,77.0,1.0
internaut1972,39.0,1.0,6.0,38.6,0.5,5.0,1.0,31154,0,14,0,0.0,0,36.0,0.0
ellimir,20.0,1.0,1.0,18.0,1.0,1.0,0.0,0,0,0,0,1.0,0,17.0,0.0
lnerd,,,0.0,,,0.0,0.0,511,6,0,1,1.0,0,21.0,
elijah_45,,,1.0,,,0.0,0.0,106,0,0,0,2.0,0,34.0,
endlesslyfinite,,,1.0,,0.0,1.0,0.0,144,0,0,0,6.0,0,25.0,
kseraksi,21.0,1.0,4.0,22.33333333,1.0,1.0,0.0,5028,0,0,1,3.0,0,47.0,
roger569,19.0,1.0,2.0,20.0,0.5,1.0,0.0,39,0,0,0,3.0,0,8.0,0.0
lars_weiss,,,2.0,19.5,1.0,1.0,0.0,884,0,0,0,6.0,0,30.0,
toddgearhart,,,1.0,29.0,1.0,1.0,0.0,3323,34,0,0,1.0,0,68.0,
ozakn,20.0,1.0,14.0,20.75,0.384615385,3.0,0.0,1965,9,0,0,22.0,0,41.0,0.0
hanayuki,20.0,0.0,1.0,19.0,0.0,1.0,0.0,74,0,0,1,3.0,0,45.0,0.0
rvth,,,0.0,,,0.0,0.0,6881,0,0,0,1.0,0,22.0,
nursejosey,42.0,0.0,4.0,29.0,0.666666667,2.0,0.0,635,99,0,1,3.0,0,53.0,1.0
thatkid8,23.0,1.0,4.0,27.0,0.75,2.0,0.0,24113,0,0,0,5.0,0,72.0,1.0
sensibleheart33,18.0,1.0,3.0,22.5,0.333333333,3.0,0.0,12316,47,0,1,3.0,0,35.0,0.0
sisisekas,22.0,1.0,1.0,20.0,0.0,1.0,0.0,0,0,0,0,2.0,0,20.0,0.0
seanxdc,,,0.0,,,0.0,0.0,227,23,0,1,1.0,1,33.0,
ralu_ralu,25.0,0.0,6.0,24.66666667,0.4,1.0,0.0,325,0,0,0,1.0,0,43.0,0.0
akukage,27.0,1.0,1.0,20.0,0.0,1.0,0.0,0,0,0,0,3.0,0,42.0,0.0
onionknight_,,1.0,2.0,20.0,1.0,2.0,0.0,31141,42,1,0,3.0,0,35.0,0.0
hiweirdo,,0.0,1.0,18.0,0.0,1.0,0.0,1096,93,0,1,2.0,0,41.0,
nakashimada,33.0,1.0,35.0,27.44,0.821428571,5.0,2.0,32743,0,0,0,6.0,0,24.0,0.0
juniorsofiati,,,3.0,33.5,1.0,2.0,0.0,13415,0,0,0,4.0,0,55.0,
miksudaa,24.0,1.0,19.0,22.8125,0.411764706,1.0,0.0,83264,148,0,1,4.0,0,37.0,0.0
negariiii,,0.0,17.0,27.25,0.9375,7.0,0.0,0,0,1,0,48.0,0,24.0,0.0
parizene,,,1.0,,,0.0,0.0,0,0,0,0,1.0,0,6.0,
szybki90,21.0,1.0,5.0,25.0,0.75,3.0,0.0,21252,2,0,1,11.0,0,41.0,0.0
d_rox,,0.0,39.0,36.11111111,0.742857143,4.0,4.0,4286,1070,0,0,31.0,0,51.0,1.0
ronsel18,,,3.0,30.66666667,0.666666667,1.0,0.0,7696,51,0,0,1.0,0,57.0,
matzebollen,,1.0,0.0,,,0.0,0.0,1663,0,0,0,1.0,0,39.0,0.0
vladiii,22.0,1.0,2.0,21.5,1.0,1.0,0.0,6380,0,0,0,8.0,0,54.0,0.0
claudeee,,,1.0,28.0,1.0,1.0,0.0,0,0,0,0,0.0,0,63.0,
spooky_jewell,,,1.0,28.0,1.0,1.0,0.0,96,3,0,0,0.0,0,23.0,
guzzey,19.0,1.0,15.0,19.75,0.214285714,5.0,0.0,14284,0,0,1,37.0,0,43.0,0.0
derhuebner_ve,,,1.0,,1.0,1.0,0.0,13,0,0,0,1.0,0,7.0,
kuswansetiam,19.0,1.0,76.0,18.86764706,0.23943662,17.0,0.0,29454,180,0,1,97.0,0,16.0,0.0
trleister,20.0,0.0,12.0,22.0,0.454545455,3.0,0.0,4206,482,0,0,64.0,0,25.0,0.0
tokyoextazy,21.0,1.0,3.0,23.0,0.666666667,1.0,0.0,5757,1,0,1,2.0,0,57.0,0.0
wayne3,21.0,1.0,16.0,20.16666667,0.133333333,5.0,0.0,4258,12,0,2,1.0,0,42.0,1.0
carraldocarruso,,,3.0,51.0,0.333333333,2.0,0.0,18127,372,0,1,2.0,0,28.0,
madeinheart,21.0,0.0,16.0,22.83333333,0.75,5.0,0.0,49179,220,2,1,311.0,0,52.0,0.0
sergeyhodusov,30.0,1.0,6.0,21.83333333,0.5,3.0,0.0,4273,36,0,1,1.0,0,15.0,0.0
black_j,24.0,0.0,2.0,23.0,0.5,2.0,0.0,5060,18,0,1,1.0,0,28.0,0.0
davidofcynwyd,23.0,1.0,0.0,,,0.0,0.0,391,92,0,1,0.0,1,16.0,1.0
huramentado,,,0.0,,,0.0,0.0,1133,93,0,0,0.0,0,25.0,
florida1992,,,3.0,17.33333333,0.0,1.0,0.0,8004,20,0,1,4.0,0,21.0,
planetdemiurge,,,0.0,,,0.0,0.0,239,1,0,0,0.0,0,14.0,
jkzet,,,8.0,22.125,1.0,3.0,0.0,16743,12,0,0,4.0,0,54.0,
sinoffering,25.0,0.0,21.0,28.29411765,1.0,7.0,1.0,19052,43,0,1,29.0,1,57.0,0.0
raider00,,,0.0,,,0.0,0.0,191,3,0,0,0.0,0,15.0,
don-iel,24.0,1.0,16.0,24.81818182,0.642857143,1.0,0.0,15910,4,0,0,9.0,0,53.0,1.0
ghuertas,,,1.0,,,1.0,0.0,30,1,0,0,0.0,0,70.0,
missluciferr,26.0,0.0,86.0,27.66666667,0.851351351,23.0,9.0,33261,334,0,1,69.0,0,39.0,0.0
jakobvs,,,1.0,,,0.0,0.0,4487,64,0,1,2.0,0,26.0,
shhhhhhhhhhh,18.0,1.0,6.0,18.0,0.75,1.0,0.0,989,5,0,0,3.0,0,33.0,
redrose2,,,1.0,23.0,1.0,1.0,0.0,292,0,0,0,1.0,0,68.0,
imissburritos,,,1.0,,1.0,0.0,0.0,4948,2,0,1,3.0,0,36.0,
hypernoize,,1.0,69.0,20.83333333,0.774193548,22.0,1.0,4241,24,2,0,28.0,0,18.0,1.0
schwabinka,,,1.0,,,0.0,0.0,9460,80,0,1,2.0,1,56.0,
yorn_,23.0,1.0,5.0,22.5,1.0,2.0,0.0,4594,6,0,0,0.0,0,44.0,0.0
paolazz,28.0,0.0,6.0,29.25,0.6,1.0,0.0,248,61,0,0,1.0,0,34.0,
begazz,32.0,1.0,24.0,28.75,0.4,13.0,0.0,12532,12,0,1,20.0,0,44.0,0.0
_brightreddoor,21.0,0.0,4.0,23.0,0.5,2.0,0.0,13039,0,0,1,28.0,0,68.0,1.0
zumrcat,23.0,1.0,9.0,22.2,0.833333333,2.0,0.0,6113,70,0,0,15.0,0,61.0,
orkie_nl,21.0,1.0,4.0,20.5,1.0,1.0,0.0,5045,1,2,1,4.0,0,44.0,0.0
beastrex,23.0,1.0,1.0,41.0,1.0,1.0,0.0,7,5,0,1,,0,50.0,1.0
d-dread,,1.0,31.0,27.0,0.619047619,8.0,1.0,92,18,0,3,16.0,0,38.0,1.0
orlov_d,21.0,,1.0,21.0,1.0,1.0,0.0,0,0,0,0,0.0,0,14.0,0.0
xest3r,21.0,1.0,1.0,,,0.0,0.0,661,1,0,1,1.0,0,43.0,0.0
kinky_dive,,0.0,3.0,36.0,0.5,1.0,0.0,31852,23,0,1,4.0,0,63.0,0.0
firebirdfierce,,,0.0,,,0.0,0.0,813,26,0,1,0.0,0,14.0,
shur-sh,25.0,1.0,4.0,27.25,0.75,2.0,0.0,3885,12,0,0,0.0,0,44.0,0.0
tuffcustard,38.0,0.0,32.0,35.66666667,0.913043478,8.0,2.0,15016,368,323,1,220.0,1,72.0,1.0
dufusweemamoo,45.0,1.0,0.0,,,0.0,0.0,114,0,0,0,1.0,0,32.0,1.0
belletha,19.0,0.0,8.0,19.0,0.75,1.0,0.0,28094,100,0,0,,0,18.0,0.0
gamehed,,,0.0,,,0.0,0.0,1136,361,0,0,0.0,0,25.0,
kjmmx,,1.0,6.0,24.25,0.4,4.0,0.0,3512,12,0,0,3.0,0,39.0,0.0
kajalini,57.0,,7.0,37.25,0.5,4.0,0.0,11037,809,0,2,2.0,1,54.0,1.0
sophiecale,,,1.0,,,0.0,0.0,40499,0,0,0,1.0,0,6.0,
raxxor15,,,12.0,22.5,0.875,1.0,0.0,58471,127,0,0,3.0,0,38.0,
atlasgreene,19.0,1.0,13.0,21.0,0.4,2.0,0.0,7587,5,0,0,13.0,0,17.0,1.0
edda-,,1.0,1.0,23.0,0.0,1.0,0.0,1559,9,0,0,4.0,0,4.0,0.0
nost88,23.0,1.0,7.0,22.66666667,1.0,2.0,0.0,3134,66,0,1,5.0,0,55.0,0.0
ccfrock,,,1.0,26.0,1.0,1.0,0.0,1477,0,0,0,1.0,0,82.0,
eoa,,0.0,3.0,26.5,1.0,1.0,0.0,31201,72,2,1,0.0,0,69.0,0.0
merciless1,20.0,1.0,27.0,21.44444444,0.541666667,12.0,0.0,11431,713,7,0,9.0,1,33.0,0.0
ericazacarias,24.0,0.0,6.0,23.5,0.8,1.0,0.0,524,0,0,0,3.0,0,39.0,0.0
smith7018,,,1.0,20.0,1.0,1.0,0.0,23941,0,0,0,1.0,0,12.0,
mbrouwer,,,3.0,24.5,1.0,1.0,0.0,8870,0,0,0,2.0,0,79.0,
cookpetefm,22.0,1.0,4.0,22.33333333,0.333333333,1.0,0.0,4767,2,0,0,4.0,0,19.0,1.0
louis_12,,,1.0,,,0.0,0.0,48,0,0,0,2.0,0,41.0,
madulaa,,0.0,10.0,30.375,0.7,4.0,2.0,2036,6,1,1,8.0,0,16.0,0.0
kubero69,34.0,1.0,5.0,31.75,0.75,2.0,0.0,1879,60,0,1,2.0,0,58.0,0.0
koenhoppus,18.0,1.0,5.0,18.0,0.8,1.0,0.0,10333,2,0,1,3.0,0,51.0,0.0
sunkisss,20.0,0.0,2.0,21.0,0.5,2.0,0.0,0,0,0,1,2.0,0,30.0,0.0
ileanap,,0.0,10.0,27.0,0.666666667,3.0,0.0,18452,287,0,0,2.0,0,39.0,0.0
larukusan,23.0,,1.0,22.0,1.0,1.0,0.0,7425,0,0,0,1.0,0,75.0,0.0
ofdevon,,,2.0,31.0,,0.0,0.0,28,3,0,0,0.0,0,12.0,
mrklindo,,,2.0,,,0.0,0.0,1627,100,0,0,1.0,1,22.0,
erinnelson,,,2.0,58.0,1.0,1.0,0.0,2798,30,0,0,1.0,0,26.0,
simonhepti,22.0,1.0,1.0,23.0,1.0,1.0,0.0,0,0,0,1,1.0,0,50.0,1.0
pandaskittlez72,16.0,0.0,2.0,,0.0,1.0,0.0,417,133,0,0,1.0,0,25.0,
matisen,,,1.0,27.0,,1.0,0.0,1027,9,0,1,2.0,0,38.0,
custardpiie,18.0,1.0,1.0,20.0,1.0,0.0,0.0,339,18,0,0,5.0,1,16.0,1.0
hdeion,,,0.0,,,0.0,0.0,788,292,0,0,0.0,0,14.0,
cee-lo,23.0,1.0,7.0,21.42857143,0.714285714,3.0,0.0,54786,71,0,0,14.0,1,35.0,0.0
dbr8bd,,,6.0,22.25,0.4,2.0,1.0,12572,686,0,1,1.0,1,10.0,1.0
mmcoronel,,,3.0,20.5,0.5,1.0,0.0,0,0,0,0,3.0,0,27.0,
drrectagon,,,6.0,32.0,1.0,3.0,0.0,72075,116,0,3,3.0,0,76.0,1.0
x118xrambo,34.0,,0.0,,,0.0,0.0,646,24,0,0,0.0,1,25.0,1.0
sarvatt,,1.0,2.0,29.5,1.0,2.0,0.0,5528,55,0,1,1.0,0,57.0,1.0
interpolator,,1.0,4.0,21.5,0.0,1.0,0.0,7233,145,0,1,5.0,0,51.0,0.0
casadelmirto,31.0,1.0,2.0,23.0,0.5,2.0,0.0,2300,5,0,1,4.0,0,43.0,0.0
jhenriks,,1.0,2.0,33.5,1.0,1.0,0.0,5094,0,0,0,1.0,0,31.0,0.0
amooseabroad,35.0,1.0,1.0,23.0,0.0,1.0,0.0,1857,154,0,1,1.0,0,25.0,1.0
xhoux,16.0,,1.0,22.0,,1.0,0.0,33717,24,0,0,1.0,0,19.0,0.0
jaymat707,,,0.0,,,0.0,0.0,274,117,0,0,0.0,0,13.0,
weinventlove,,0.0,5.0,20.0,0.2,3.0,0.0,257,20,0,1,2.0,0,6.0,1.0
ninfa_per_te,25.0,0.0,5.0,32.2,0.6,4.0,0.0,1794,1,0,1,2.0,0,46.0,
infrnc,17.0,0.0,4.0,18.0,0.0,1.0,0.0,14975,0,0,0,2.0,0,29.0,0.0
minimaxim,26.0,1.0,7.0,26.5,0.8,2.0,0.0,17070,78,0,0,2.0,1,46.0,0.0
prostoann,,,1.0,,,0.0,0.0,223,1,0,1,2.0,0,21.0,
fall4u_,21.0,,63.0,20.60784314,0.551724138,7.0,0.0,42692,269,2,0,27.0,1,36.0,0.0
scorpikk,16.0,1.0,19.0,18.21428571,0.882352941,2.0,0.0,16170,28,0,0,3.0,0,27.0,0.0
yoruni,,0.0,94.0,22.92307692,0.586206897,17.0,2.0,8429,11,56,1,227.0,1,62.0,0.0
flaviotorezani,16.0,1.0,216.0,17.62275449,0.604278075,28.0,3.0,34323,0,1,0,586.0,1,15.0,0.0
bublemaster,,,1.0,37.0,1.0,1.0,0.0,117,0,0,0,2.0,0,41.0,
shochman,,,1.0,33.0,1.0,1.0,0.0,25644,2,0,1,0.0,0,28.0,
zekari,,,2.0,24.0,,1.0,0.0,17431,0,0,0,0.0,0,77.0,1.0
guerillafare,,,0.0,,,0.0,0.0,2207,0,0,0,0.0,0,23.0,
trick1989,22.0,1.0,307.0,22.4212766,0.918149466,43.0,9.0,51000,0,1,0,1150.0,0,48.0,0.0
aschwalbc,19.0,1.0,1.0,20.0,1.0,1.0,0.0,77321,2,0,0,1.0,0,8.0,0.0
sweetnighter,23.0,1.0,12.0,25.6,0.818181818,3.0,0.0,23517,0,5,0,4.0,0,79.0,1.0
bridget60,51.0,0.0,1.0,28.0,1.0,1.0,0.0,669,17,0,1,2.0,0,22.0,1.0
marea2008,,0.0,1.0,33.0,0.0,1.0,0.0,0,7,0,1,1.0,0,36.0,0.0
e209man,14.0,1.0,0.0,,,0.0,0.0,988,150,0,0,0.0,0,19.0,1.0
jamespull,,,7.0,21.5,0.5,2.0,0.0,49914,5,0,1,2.0,0,39.0,
ai_the_ripper,,0.0,0.0,,,0.0,0.0,6963,0,0,0,1.0,0,16.0,0.0
guurant,21.0,1.0,8.0,21.25,0.4,2.0,0.0,7500,2,0,0,9.0,0,61.0,1.0
serenadetohate,19.0,1.0,10.0,21.2,0.555555556,8.0,0.0,44341,137,0,0,7.0,0,33.0,1.0
ta_ta,,,1.0,,0.0,1.0,0.0,0,2,0,1,1.0,0,40.0,
ianberry,60.0,1.0,1.0,,,0.0,0.0,0,0,0,0,3.0,0,59.0,1.0
yanka_bg,,,1.0,26.0,1.0,1.0,0.0,2677,0,0,0,2.0,0,64.0,
mergeandvary,,,5.0,23.5,0.5,3.0,0.0,33549,48,0,1,2.0,0,47.0,0.0
redfacedrhino,,1.0,4.0,22.66666667,0.5,4.0,0.0,27325,216,9,1,,0,66.0,1.0
keithzor,,,1.0,,,1.0,0.0,0,0,0,0,2.0,0,29.0,
adrawk7,,1.0,1.0,,1.0,1.0,0.0,16,0,0,0,1.0,0,48.0,1.0
d3cepti0ns,,,1.0,22.0,0.0,1.0,0.0,8595,0,0,0,2.0,0,51.0,
defann,,1.0,5.0,28.5,1.0,2.0,0.0,5742,0,0,1,2.0,0,65.0,0.0
daniel947,25.0,,2.0,,0.0,1.0,0.0,502,14,0,0,1.0,0,35.0,
reaction_shorty,19.0,1.0,17.0,24.4,0.636363636,1.0,0.0,28255,17,0,1,9.0,0,48.0,0.0
rrrrraaf,,,3.0,18.33333333,1.0,2.0,0.0,2448,0,0,0,1.0,0,19.0,
kasarkedi,,1.0,10.0,25.875,0.375,1.0,0.0,15895,35,0,1,16.0,0,61.0,0.0
rdbram824,21.0,1.0,67.0,21.22916667,0.666666667,4.0,3.0,100617,27,16,0,47.0,0,58.0,1.0
ossk_a,,,3.0,24.0,0.333333333,1.0,0.0,12751,4,0,0,3.0,0,62.0,
maxo87,23.0,1.0,3.0,22.66666667,0.0,1.0,0.0,6064,86,0,0,2.0,0,18.0,0.0
asz17,17.0,1.0,2.0,18.0,1.0,1.0,0.0,311,1,0,0,2.0,0,18.0,0.0
andate,,,1.0,,0.0,1.0,0.0,38,3,0,0,1.0,0,36.0,
bitbit_love,,,10.0,19.25,0.666666667,5.0,0.0,11342,2,0,0,2.0,0,11.0,1.0
anoee,26.0,0.0,1.0,,,1.0,0.0,7,3,0,2,2.0,0,46.0,1.0
fallenangel21,26.0,0.0,9.0,27.28571429,0.428571429,3.0,1.0,27749,59,1,2,28.0,0,69.0,0.0
radeg81,,,2.0,27.0,0.5,1.0,0.0,505,0,0,0,1.0,0,20.0,
pjravsav,,,0.0,,,0.0,0.0,303,54,0,0,0.0,0,25.0,
miloneurosis,,1.0,3.0,25.0,0.0,1.0,1.0,2395,10,0,0,7.0,0,11.0,0.0
x-boy84,26.0,1.0,5.0,26.33333333,0.6,3.0,0.0,8817,1460,0,1,0.0,0,71.0,0.0
tensagas,,0.0,33.0,26.76470588,0.37037037,9.0,3.0,16532,710,4,8,7.0,1,52.0,0.0
sweetmurderer,23.0,1.0,8.0,21.8,0.25,5.0,0.0,653,7,0,0,10.0,0,18.0,0.0
rogersens,25.0,1.0,6.0,23.75,0.833333333,1.0,0.0,24715,0,1,1,6.0,0,61.0,1.0
zxefr,40.0,1.0,0.0,,,0.0,0.0,20736,7,0,0,1.0,0,18.0,1.0
luczite,26.0,0.0,55.0,31.275,0.70212766,15.0,2.0,5510,224,4,1,168.0,0,58.0,0.0
marioparra00,22.0,1.0,60.0,24.44444444,0.48,10.0,1.0,29248,93,7,1,134.0,0,66.0,1.0
jakehyland,,,1.0,17.0,0.0,1.0,0.0,203,0,0,0,3.0,0,25.0,
optimusfangirl,27.0,0.0,3.0,27.33333333,1.0,1.0,0.0,311,20,0,1,2.0,0,48.0,1.0
ktulumythos,19.0,1.0,3.0,19.5,0.333333333,1.0,0.0,161,0,0,1,1.0,0,48.0,0.0
sh33pzorz,20.0,1.0,11.0,19.0,0.8,1.0,0.0,31795,9,0,1,6.0,0,23.0,1.0
jaybackman,,,2.0,21.0,0.0,2.0,0.0,15225,2,0,1,2.0,0,32.0,0.0
el-fluffio,33.0,1.0,1.0,,,1.0,0.0,873,0,0,0,1.0,0,43.0,1.0
ivaneo,,,2.0,24.0,1.0,2.0,0.0,1411,0,0,0,1.0,0,55.0,
maateus_,17.0,1.0,443.0,19.15159575,0.942720764,39.0,3.0,6042,0,0,0,1308.0,0,6.0,0.0
clairy_,,,3.0,22.0,1.0,1.0,0.0,0,0,0,0,1.0,0,43.0,
peppermanradio,,1.0,5.0,32.8,1.0,2.0,0.0,1447,40,0,0,0.0,0,70.0,1.0
markozawadzki,,1.0,1.0,,,0.0,0.0,908,0,0,0,1.0,0,46.0,1.0
juanitoz10,,,1.0,19.0,0.0,1.0,0.0,1244,0,0,0,1.0,0,11.0,
sebastiancain,,,4.0,22.5,0.666666667,2.0,0.0,10,0,4,0,3.0,0,47.0,
enine,23.0,0.0,42.0,24.52941177,0.41025641,3.0,1.0,55204,57,2,1,83.0,0,72.0,1.0
loserfanta,,0.0,2.0,20.0,1.0,2.0,0.0,292,0,0,0,3.0,0,49.0,0.0
mary_mustaine,28.0,0.0,28.0,28.82608696,0.791666667,14.0,0.0,10,8,0,1,17.0,0,33.0,0.0
swedeedee,22.0,0.0,24.0,24.52941177,0.666666667,8.0,0.0,11069,136,0,1,21.0,0,51.0,0.0
amer1canpsycho,18.0,0.0,1.0,27.0,0.0,1.0,0.0,74,0,0,0,2.0,0,41.0,0.0
adehoop,,0.0,1.0,18.0,1.0,1.0,0.0,2664,0,0,0,1.0,0,11.0,
peatnik,,1.0,7.0,46.0,0.6,4.0,0.0,62,2,0,0,2.0,0,41.0,1.0
voddiencoke,,,0.0,,,0.0,0.0,2362,8,0,0,2.0,0,17.0,
hafaja,,,1.0,22.0,1.0,1.0,1.0,31090,0,0,0,2.0,0,10.0,
lordkenneth,,,4.0,28.33333333,1.0,1.0,0.0,43,1,0,0,2.0,0,61.0,
princesspuffpie,,,4.0,23.0,1.0,1.0,0.0,6126,27,0,0,3.0,0,20.0,
lib3rt1ne,19.0,1.0,4.0,21.0,0.333333333,3.0,1.0,9356,127,0,0,1.0,0,37.0,1.0
tanja_bel,27.0,0.0,30.0,26.54545455,0.666666667,13.0,0.0,4781,14,0,0,5.0,0,11.0,0.0
chleffion,,0.0,1.0,17.0,1.0,1.0,0.0,8498,0,0,0,1.0,0,35.0,
gurusath,,,1.0,,0.0,1.0,0.0,52,0,0,0,0.0,0,71.0,
krizdele,18.0,0.0,13.0,22.81818182,0.7,4.0,0.0,9705,1388,0,0,11.0,1,19.0,0.0
docice,36.0,1.0,31.0,32.05,0.875,4.0,0.0,22915,222,31,1,15.0,0,68.0,1.0
napablo6,,1.0,1.0,,,0.0,0.0,0,0,0,0,1.0,0,44.0,0.0
tumppiiii,,1.0,2.0,21.0,0.0,1.0,0.0,28,0,0,1,,0,37.0,0.0
edmonia,,0.0,16.0,32.77777778,0.4375,6.0,7.0,32456,635,0,1,10.0,0,53.0,1.0
kelizabethk,25.0,0.0,4.0,24.25,0.75,1.0,0.0,72,0,2,0,0.0,0,75.0,0.0
dianka_lapa,,,1.0,19.0,1.0,1.0,0.0,115,2,0,0,1.0,0,15.0,
whoasandy,24.0,0.0,3.0,21.5,1.0,1.0,0.0,441,54,0,0,3.0,0,12.0,0.0
evilschnuffi,21.0,1.0,54.0,22.17073171,0.416666667,7.0,3.0,110672,266,111,0,2686.0,0,53.0,1.0
annapinho,15.0,0.0,9.0,17.875,0.555555556,1.0,0.0,215,0,0,0,2.0,0,39.0,0.0
silkcave,24.0,0.0,27.0,23.68,0.136363636,10.0,0.0,0,0,0,1,27.0,0,52.0,0.0
iemitsteam,,0.0,1.0,19.0,1.0,0.0,0.0,1951,0,0,0,1.0,0,30.0,
rociocampra,,,1.0,,0.0,0.0,0.0,142,0,0,1,2.0,0,9.0,
jag_25,,1.0,1.0,,0.0,1.0,0.0,12135,0,0,0,2.0,0,29.0,1.0
herrkp3,28.0,1.0,2.0,20.5,0.0,1.0,0.0,47,0,0,0,1.0,0,28.0,1.0
deropa,31.0,1.0,7.0,27.14285714,0.333333333,6.0,0.0,29479,105,0,0,33.0,0,66.0,0.0
thesophizm,20.0,0.0,21.0,24.75,0.941176471,6.0,1.0,31618,16,0,0,48.0,0,43.0,1.0
stang1968,,,0.0,,,0.0,0.0,982,2,0,0,0.0,0,14.0,
eledan,17.0,1.0,9.0,19.5,0.5,6.0,0.0,6788,627,1,1,43.0,0,39.0,0.0
pitboyslim,24.0,1.0,13.0,25.83333333,0.5,1.0,0.0,90910,11,0,0,1.0,0,32.0,0.0
drefun,,,7.0,28.66666667,0.5,2.0,0.0,10554,9,0,1,1.0,0,63.0,
tpoia,12.0,0.0,2.0,27.5,0.5,2.0,0.0,2178,2,0,0,24.0,0,26.0,0.0
sonofthebong,24.0,1.0,13.0,24.88888889,0.636363636,2.0,0.0,30724,0,0,0,48.0,0,44.0,0.0
simonnylund,32.0,1.0,37.0,25.88461539,0.7,2.0,1.0,17840,6,12,0,43.0,0,65.0,0.0
honich333,,,0.0,,,0.0,0.0,9964,6,0,1,1.0,0,38.0,
arkaeon_warlord,30.0,1.0,2.0,24.0,1.0,2.0,0.0,7785,9,0,0,1.0,0,67.0,0.0
amidoinitrite,22.0,1.0,38.0,21.1,0.777777778,3.0,1.0,23920,0,0,0,10.0,0,35.0,1.0
hombre_avestruz,,1.0,1.0,,,1.0,0.0,3,0,0,0,2.0,0,40.0,0.0
dr_noa,,,0.0,,,0.0,0.0,7736,0,0,1,1.0,0,45.0,
mtx757,21.0,1.0,2.0,23.0,1.0,1.0,0.0,3259,2,0,0,0.0,0,66.0,1.0
mminton,,,1.0,,,0.0,0.0,2808,6,0,0,0.0,0,14.0,1.0
zhelezny_lev,,,3.0,41.0,1.0,3.0,0.0,0,0,0,0,3.0,0,32.0,0.0
jschuurman,22.0,1.0,2.0,22.5,0.5,2.0,0.0,643,0,0,0,2.0,0,45.0,0.0
victim_ryan,18.0,1.0,18.0,22.30769231,0.333333333,8.0,0.0,27978,192,0,0,2.0,0,4.0,1.0
edot28,,,0.0,,,0.0,0.0,7770,3,0,0,1.0,0,24.0,
cambriaseyes,21.0,0.0,16.0,25.61538462,0.714285714,4.0,0.0,7387,26,26,1,26.0,0,66.0,1.0
bunnyfazza,25.0,0.0,6.0,25.0,0.8,3.0,0.0,13495,113,0,0,16.0,1,42.0,0.0
cintiarpn,,,1.0,27.0,0.0,1.0,0.0,9,0,0,0,1.0,0,50.0,
wehttam0141,,,0.0,,,0.0,0.0,121,9,0,0,0.0,0,18.0,
soniagomezpadil,39.0,0.0,1.0,41.0,1.0,1.0,0.0,2519,55,0,1,1.0,0,34.0,0.0
nubberboy,,,0.0,,,0.0,0.0,925,8,0,0,1.0,0,19.0,
emelguillen,17.0,0.0,1.0,14.0,0.0,1.0,0.0,97,7,0,0,1.0,0,38.0,0.0
blood8sugar,21.0,0.0,1.0,25.0,1.0,1.0,0.0,1,3,0,1,2.0,0,32.0,
szie0107,,0.0,4.0,32.5,1.0,1.0,0.0,162,17,0,0,0.0,0,43.0,1.0
fasfasfus,21.0,0.0,48.0,24.80645161,0.657894737,18.0,3.0,12644,71,0,0,66.0,0,20.0,1.0
staticcalamity,18.0,0.0,11.0,19.22222222,0.7,4.0,1.0,6805,20,0,0,5.0,0,25.0,1.0
eosnspace,,,1.0,22.0,1.0,1.0,0.0,375,13,0,0,2.0,0,31.0,
rostbot,31.0,,18.0,30.08333333,0.769230769,3.0,1.0,21901,211,1,0,13.0,1,27.0,
algarmusic,22.0,1.0,1.0,,,0.0,0.0,0,0,0,0,0.0,0,11.0,0.0
the_west,27.0,1.0,19.0,29.0,0.470588235,6.0,0.0,33629,12,0,0,8.0,0,61.0,0.0
sjoema,,,1.0,,1.0,1.0,0.0,3,1,0,0,2.0,0,18.0,
matflo7,22.0,1.0,2.0,22.0,0.5,1.0,0.0,5587,6,0,0,0.0,0,23.0,0.0
metawirriss,17.0,0.0,27.0,20.86956522,0.875,12.0,0.0,1459,16,0,1,28.0,0,10.0,0.0
stevej13021,,,0.0,,,0.0,0.0,2742,264,0,0,0.0,0,20.0,
gangbanggestapo,29.0,1.0,29.0,23.05263158,0.769230769,4.0,2.0,3726,19,0,1,15.0,0,44.0,0.0
veggierocker,21.0,0.0,11.0,26.625,0.7,7.0,0.0,5984,38,1,1,7.0,0,48.0,0.0
stilos_s,23.0,1.0,5.0,22.33333333,1.0,1.0,0.0,2458,33,0,0,7.0,1,26.0,0.0
mikecanale,22.0,1.0,7.0,21.0,1.0,1.0,0.0,36302,96,2,1,6.0,0,64.0,1.0
vladan88,23.0,1.0,11.0,23.90909091,1.0,8.0,0.0,9102,710,0,1,4.0,0,6.0,0.0
alejo_1988,23.0,,1.0,23.0,0.0,1.0,0.0,0,0,0,0,6.0,0,15.0,0.0
kuurainentaivas,20.0,0.0,28.0,21.94117647,0.277777778,4.0,0.0,41831,113,2,1,20.0,0,49.0,0.0
daisa4,,,0.0,,,0.0,0.0,513,4,0,1,1.0,0,22.0,
mmnndd,,,1.0,,,0.0,0.0,6999,0,0,0,1.0,0,51.0,
sastan_cz,25.0,1.0,14.0,24.18181818,0.615384615,1.0,0.0,16831,223,0,1,6.0,0,70.0,0.0
svartulv,,1.0,26.0,24.77272727,0.391304348,11.0,1.0,42621,0,0,1,,0,68.0,
anton_ina,,0.0,26.0,22.55555556,0.636363636,11.0,1.0,25889,90,2,0,136.0,0,28.0,0.0
theatro,,,1.0,23.0,0.0,1.0,0.0,0,0,0,0,0.0,0,64.0,0.0
bluesday,,,6.0,18.6,1.0,1.0,0.0,4413,58,0,1,2.0,0,36.0,
jstratton,21.0,1.0,4.0,24.0,0.333333333,1.0,0.0,1911,1,0,1,1.0,0,67.0,1.0
hevii,22.0,1.0,29.0,21.0,0.739130435,2.0,0.0,43152,76,22,1,36.0,0,72.0,0.0
abovegroundpool,,,1.0,,,1.0,0.0,276,11,0,0,1.0,0,37.0,
sarajeanslegend,22.0,0.0,110.0,22.27956989,0.87755102,12.0,3.0,30047,368,18,1,166.0,0,66.0,1.0
flipedout69,,,0.0,,,0.0,0.0,908,0,0,0,0.0,0,22.0,
bymrita,,0.0,1.0,,1.0,1.0,0.0,85,7,0,1,1.0,0,47.0,0.0
teddyweddy,,1.0,5.0,22.66666667,0.75,3.0,0.0,935,227,0,0,1.0,0,27.0,1.0
gazing_iscariot,28.0,0.0,6.0,27.8,0.833333333,3.0,0.0,4828,7,0,0,3.0,0,60.0,1.0
lostcaggy,,,0.0,,,0.0,0.0,10112,0,0,0,1.0,0,20.0,
domi169,20.0,0.0,21.0,21.27777778,0.444444444,10.0,0.0,5494,30,0,1,78.0,0,48.0,0.0
these_sourtimes,,0.0,19.0,23.92307692,0.5,3.0,0.0,9715,71,0,0,4.0,0,64.0,1.0
meltedfatmonkey,,,2.0,20.0,1.0,1.0,0.0,17590,0,0,0,2.0,0,24.0,
naskoff,,,1.0,,,0.0,0.0,1,1,0,0,2.0,0,34.0,
metalmeser1,17.0,1.0,11.0,19.75,0.75,3.0,0.0,88,2,0,0,27.0,0,23.0,1.0
panszef,28.0,1.0,60.0,21.65,0.698113208,3.0,2.0,59504,125,124,0,144.0,0,82.0,0.0
spiraleater,22.0,1.0,20.0,24.21428571,0.625,1.0,1.0,76042,378,0,1,8.0,0,52.0,1.0
enot_fuck_eeeee,16.0,1.0,14.0,16.9,0.307692308,5.0,0.0,965,237,0,1,2.0,0,5.0,0.0
starslayer3,19.0,0.0,5.0,19.8,0.25,4.0,0.0,4605,25,0,1,1.0,0,8.0,0.0
facing_goya,,1.0,1.0,20.0,1.0,1.0,0.0,3,0,0,0,2.0,0,18.0,1.0
serpentx,,1.0,10.0,19.55555556,0.875,3.0,1.0,17505,343,74,0,6.0,0,31.0,1.0
odaa-,18.0,0.0,41.0,20.48484849,0.555555556,18.0,1.0,39913,14,0,1,61.0,0,53.0,0.0
ozlemevrim,,,2.0,27.5,1.0,1.0,0.0,575,4,0,1,1.0,0,37.0,
crushonxoxo,30.0,,1.0,33.0,1.0,1.0,0.0,21351,45,0,1,1.0,0,39.0,
kalimero77,34.0,1.0,7.0,27.4,0.833333333,2.0,0.0,5142,22,0,1,3.0,0,69.0,1.0
tom_bird,20.0,1.0,12.0,21.27272727,0.666666667,2.0,0.0,11318,16,8,0,14.0,0,33.0,0.0
ond-mis,24.0,1.0,12.0,24.375,0.75,4.0,0.0,371,4,2,0,35.0,0,71.0,0.0
dogandpony2010,,,0.0,,,0.0,0.0,78369,0,0,0,1.0,0,15.0,
romazotti,17.0,1.0,5.0,19.25,0.5,1.0,0.0,11193,232,1,0,2.0,0,6.0,0.0
matitaviola,,,9.0,38.16666667,0.5,2.0,1.0,3300,4,0,1,8.0,0,36.0,
aninhumer,,1.0,2.0,19.0,1.0,1.0,0.0,2449,29,0,1,2.0,0,59.0,1.0
dendritus,,0.0,2.0,24.0,0.5,1.0,0.0,2716,386,0,1,5.0,0,65.0,
londonochiru,,,0.0,,,0.0,0.0,27305,0,0,1,1.0,0,18.0,
nic_bec75,24.0,0.0,1.0,23.0,0.0,1.0,0.0,25,19,0,1,1.0,0,38.0,0.0
guitarchick16,20.0,0.0,23.0,21.25,0.636363636,7.0,0.0,3789,325,14,1,29.0,0,46.0,0.0
geosun13,,,1.0,26.0,1.0,1.0,0.0,248,11,0,1,0.0,0,63.0,
avelas67,21.0,1.0,2.0,,1.0,1.0,0.0,576,221,0,1,1.0,1,28.0,0.0
domiiniikaa,17.0,0.0,3.0,20.0,0.666666667,1.0,1.0,3,23,0,1,0.0,0,13.0,0.0
sallykram,18.0,0.0,0.0,,,0.0,0.0,279,12,0,1,2.0,0,13.0,0.0
thebine,,0.0,2.0,21.0,0.5,1.0,0.0,577,0,0,0,6.0,0,37.0,
popcorn103,26.0,0.0,1.0,27.0,1.0,1.0,0.0,0,0,0,0,1.0,0,20.0,0.0
largadas,,,1.0,,0.0,1.0,0.0,65,0,0,0,2.0,0,34.0,
imuptonogood,,,15.0,18.81818182,0.454545455,6.0,0.0,6803,162,0,1,3.0,0,5.0,
opsman0001,,1.0,1.0,,1.0,1.0,0.0,196,11,0,1,1.0,1,34.0,1.0
re-110101001,,1.0,13.0,20.55555556,0.818181818,2.0,2.0,26643,29,0,0,4.0,0,32.0,0.0
funkxo,20.0,1.0,27.0,22.85714286,0.36,8.0,1.0,36925,37,0,0,32.0,0,36.0,0.0
nemesis05,,,1.0,20.0,0.0,1.0,0.0,24,0,0,0,1.0,0,33.0,
kinga1502,23.0,,13.0,22.0,0.727272727,1.0,0.0,40492,506,3,1,12.0,0,45.0,0.0
bladrus,23.0,0.0,1.0,24.0,0.0,1.0,0.0,6,0,0,1,1.0,0,59.0,0.0
hcforums,23.0,1.0,33.0,25.42857143,0.615384615,9.0,1.0,80878,15,436,0,343.0,0,76.0,0.0
adolfo__t__,20.0,1.0,4.0,25.75,1.0,3.0,1.0,13477,650,0,0,6.0,0,13.0,0.0
mimimietzz,27.0,0.0,20.0,26.90909091,0.588235294,3.0,3.0,28188,101,0,2,12.0,1,38.0,1.0
lilredbite,27.0,,55.0,30.63333333,0.785714286,16.0,1.0,2536,137,0,1,36.0,0,51.0,0.0
fendr1320,,1.0,12.0,25.11111111,0.888888889,4.0,0.0,6053,9,0,0,1.0,0,9.0,1.0
simplegamer,,,0.0,,,0.0,0.0,9702,1008,0,1,1.0,0,42.0,
beule666,35.0,1.0,8.0,26.5,1.0,1.0,0.0,42574,201,0,1,8.0,0,53.0,1.0
brandaan,53.0,1.0,1.0,,,1.0,0.0,3216,0,0,0,5.0,0,54.0,0.0
duncan_rebel,27.0,1.0,37.0,26.04166667,0.620689655,3.0,1.0,61216,214,4,2,61.0,1,42.0,0.0
afinofono,22.0,1.0,3.0,20.0,0.666666667,1.0,0.0,6850,137,0,0,3.0,0,27.0,0.0
siyanab,,0.0,1.0,33.0,1.0,1.0,0.0,1105,1,0,1,0.0,0,47.0,0.0
hsiehm,27.0,1.0,2.0,25.0,1.0,1.0,0.0,9099,0,0,0,0.0,0,63.0,1.0
kaminarimon,,,0.0,,,0.0,0.0,10131,0,0,0,1.0,0,32.0,
altaglobe,,,1.0,,,1.0,0.0,26856,22,0,1,1.0,0,47.0,
inversethis,25.0,1.0,9.0,25.16666667,0.2,3.0,1.0,50636,32,58,0,59.0,0,73.0,0.0
serfrank,,,1.0,,,0.0,0.0,8,0,0,0,1.0,0,35.0,
master-noodler,21.0,1.0,8.0,21.33333333,1.0,2.0,0.0,6609,75,1,1,7.0,1,55.0,1.0
dcsound,27.0,1.0,4.0,29.0,0.25,1.0,0.0,8738,31,0,0,2.0,0,36.0,1.0
waiwallzzz,,,0.0,,,0.0,0.0,78972,0,0,0,2.0,0,32.0,
joanpmi,,1.0,3.0,,,0.0,0.0,18922,4,0,1,1.0,0,36.0,0.0
schaderian,20.0,1.0,32.0,20.40909091,0.620689655,6.0,0.0,15478,542,4,0,52.0,0,42.0,0.0
make_history,20.0,1.0,4.0,22.25,0.5,3.0,0.0,78,0,0,0,5.0,0,46.0,1.0
edituliukas,17.0,0.0,1.0,20.0,1.0,1.0,0.0,10,9,0,3,1.0,0,28.0,0.0
urizenspeaks,,1.0,5.0,24.66666667,1.0,3.0,0.0,9718,36,3,0,9.0,0,20.0,1.0
anashevan,21.0,0.0,32.0,22.96153846,0.888888889,8.0,0.0,6850,0,0,0,1.0,0,36.0,0.0
lubczyklc,18.0,1.0,62.0,18.59183674,0.448275862,7.0,1.0,53141,345,20,0,70.0,0,31.0,0.0
ookunsei,,,0.0,,,0.0,0.0,4222,351,0,2,1.0,1,38.0,
viniasia,16.0,0.0,2.0,18.0,0.5,1.0,0.0,20,16,0,1,1.0,0,14.0,0.0
jolego,,,1.0,23.0,,1.0,0.0,3153,0,0,0,0.0,0,64.0,
kbkota,20.0,1.0,6.0,20.8,0.25,2.0,0.0,16363,53,0,0,12.0,0,20.0,0.0
boniglia,27.0,,1.0,38.0,1.0,1.0,0.0,191,1,0,0,3.0,0,36.0,0.0
hectillo,,1.0,5.0,23.4,1.0,1.0,0.0,2169,7,0,0,4.0,0,39.0,
ccapocalypse,,,0.0,,,0.0,0.0,259,61,0,0,0.0,0,18.0,
cjgillette,,,1.0,24.0,1.0,1.0,0.0,11012,12,0,0,1.0,0,14.0,
blondie1989,,0.0,1.0,,1.0,1.0,0.0,941,0,0,1,1.0,0,53.0,
dmarques,,,10.0,27.33333333,0.777777778,1.0,0.0,1921,0,0,0,4.0,0,49.0,0.0
kalmia,25.0,0.0,5.0,26.4,0.4,4.0,0.0,8444,0,0,0,0.0,0,83.0,1.0
francnanz,35.0,1.0,39.0,29.20833333,0.823529412,10.0,2.0,50510,371,2,2,142.0,0,39.0,0.0
kuldahar,,,1.0,29.0,1.0,1.0,0.0,1045,0,0,0,1.0,0,60.0,
aldoacss,,,1.0,29.0,1.0,1.0,0.0,0,0,0,0,1.0,0,28.0,
solncasvet,25.0,,7.0,24.5,0.5,2.0,0.0,28486,295,0,0,6.0,1,63.0,0.0
hukeram,,1.0,50.0,20.51515152,0.866666667,8.0,0.0,73613,21,13,1,118.0,0,66.0,1.0
destroytheheart,27.0,0.0,2.0,24.0,1.0,2.0,0.0,672,0,0,0,2.0,0,67.0,0.0
knuck,22.0,,53.0,25.18918919,0.723404255,6.0,0.0,45785,57,5,1,45.0,0,65.0,0.0
dstan92,,,10.0,17.85714286,0.714285714,1.0,0.0,363,24,0,0,1.0,0,9.0,
sadsaccharine,32.0,1.0,4.0,30.66666667,1.0,1.0,0.0,30,0,0,1,1.0,0,58.0,1.0
idragbehind_x3,18.0,0.0,140.0,18.51639344,0.448818898,22.0,3.0,85561,85,0,1,53.0,0,14.0,0.0
reed84,27.0,1.0,3.0,29.0,0.0,1.0,0.0,11055,20,0,1,2.0,0,45.0,1.0
mssmurphie,,0.0,1.0,30.0,1.0,1.0,1.0,9575,17,0,1,1.0,0,48.0,1.0
weird_cat,,,18.0,29.8,0.785714286,5.0,1.0,11784,189,0,1,2.0,0,59.0,
hassan-muc,45.0,1.0,0.0,,,0.0,0.0,104378,8,0,1,4.0,1,48.0,1.0
arnty,,,1.0,23.0,1.0,1.0,0.0,1415,0,0,0,1.0,0,38.0,
thefairyofnight,,,0.0,,,0.0,0.0,978,170,0,0,1.0,0,15.0,
xiscoxisco,23.0,,13.0,22.125,0.5,6.0,0.0,15207,18,0,0,7.0,0,16.0,0.0
steezy20,24.0,1.0,15.0,24.6,0.692307692,2.0,0.0,74874,94,0,1,20.0,1,57.0,1.0
klpdjolanta,,,1.0,,0.0,1.0,0.0,582,17,0,0,2.0,0,41.0,
aesthete1,29.0,1.0,3.0,23.33333333,0.666666667,2.0,1.0,904,0,0,0,2.0,0,30.0,
anitnelav,28.0,,1.0,,1.0,1.0,0.0,0,0,0,0,1.0,0,48.0,0.0
champion_x,,1.0,57.0,24.68888889,0.666666667,6.0,0.0,45294,362,4,1,58.0,0,39.0,
albertopelayo,,,1.0,21.0,1.0,1.0,0.0,1,0,0,0,2.0,0,14.0,
ozh,33.0,,5.0,,0.666666667,2.0,0.0,33486,438,9,1,1.0,0,98.0,1.0
morty69sam,,1.0,1.0,23.0,1.0,1.0,0.0,0,1,1,1,6.0,0,47.0,0.0
koolrebel,43.0,1.0,5.0,21.0,1.0,2.0,1.0,8687,38,0,2,3.0,0,36.0,1.0
stary-night,31.0,0.0,4.0,32.0,0.25,2.0,0.0,21,7,0,0,5.0,0,24.0,1.0
butterscotch68,43.0,0.0,1.0,21.0,1.0,1.0,0.0,0,0,0,0,1.0,0,23.0,1.0
magoth666,,1.0,3.0,18.0,1.0,1.0,0.0,264,2,0,0,3.0,0,11.0,1.0
et_afig,,1.0,5.0,30.66666667,1.0,4.0,0.0,9272,47,0,0,0.0,0,30.0,
xjackal,,,2.0,23.0,1.0,1.0,0.0,8353,32,0,1,2.0,0,36.0,
bobrina,,,0.0,,,0.0,0.0,3328,0,0,0,1.0,0,24.0,
csmale,,,0.0,,,0.0,0.0,1326,0,0,0,1.0,0,15.0,
riinen,19.0,,6.0,20.0,0.5,2.0,0.0,234,3,1,0,61.0,0,65.0,0.0
stresscat,22.0,0.0,4.0,26.0,1.0,3.0,0.0,14226,0,0,0,6.0,0,47.0,0.0
whodiedalone,20.0,1.0,20.0,21.75,0.4375,2.0,0.0,6703,113,1,0,15.0,0,34.0,0.0
mattpollitt,25.0,1.0,1.0,25.0,1.0,1.0,0.0,3541,1,0,0,2.0,0,55.0,1.0
jembananty,,1.0,1.0,19.0,1.0,1.0,0.0,24438,138,0,0,1.0,0,15.0,0.0
darkthrone90,20.0,1.0,14.0,20.66666667,0.923076923,1.0,0.0,7700,318,49,1,176.0,0,55.0,0.0
guitarman357,,,5.0,27.5,0.0,5.0,0.0,540,6,0,1,3.0,0,16.0,
izzie512,16.0,0.0,133.0,19.22881356,0.532786885,25.0,1.0,4947,322,0,0,151.0,0,27.0,0.0
tyr_spb,,,1.0,32.0,1.0,1.0,0.0,10422,53,0,0,2.0,0,64.0,
-m_art_in-,22.0,1.0,90.0,22.31818182,0.473684211,21.0,2.0,68217,787,0,1,53.0,1,39.0,0.0
sniper68,19.0,1.0,1.0,20.0,0.0,1.0,0.0,19377,29,2,0,1.0,0,37.0,1.0
shitxhappens,22.0,0.0,47.0,22.74358974,0.954545455,23.0,0.0,1545,0,0,0,61.0,0,54.0,0.0
martindonelan,,1.0,1.0,20.0,0.0,1.0,0.0,2952,4,0,0,4.0,0,12.0,
chiefin,22.0,0.0,40.0,25.32352941,0.756756757,6.0,7.0,183125,12,1,1,87.0,0,71.0,0.0
charsmith,23.0,0.0,69.0,23.57142857,0.654545455,14.0,1.0,20878,746,0,1,145.0,0,36.0,0.0
yuekim,,1.0,15.0,28.85714286,0.75,3.0,1.0,2577,11,0,7,1.0,0,40.0,0.0
ryhuj,,1.0,6.0,25.33333333,0.8,1.0,0.0,2810,27,0,0,0.0,0,66.0,0.0
sinny,,1.0,7.0,24.2,0.333333333,4.0,0.0,21325,5,3,0,13.0,0,92.0,0.0
x00xie,,,0.0,,,0.0,0.0,34,0,0,0,1.0,0,42.0,1.0
matthewhack,22.0,1.0,2.0,21.0,1.0,1.0,0.0,2605,0,0,0,1.0,0,80.0,0.0
mutalisk,23.0,1.0,2.0,24.0,1.0,1.0,0.0,1734,1,1,1,0.0,0,60.0,0.0
miraposa,25.0,0.0,6.0,25.33333333,1.0,4.0,0.0,3418,5,0,0,0.0,0,36.0,1.0
xahtep,21.0,1.0,24.0,22.75,0.714285714,6.0,1.0,24753,31,0,1,14.0,1,72.0,0.0
maakeshift,16.0,1.0,31.0,18.85,0.869565217,5.0,0.0,18908,429,0,0,54.0,1,13.0,0.0
sahe_79,32.0,0.0,2.0,33.0,0.5,1.0,1.0,23,1,0,1,2.0,0,30.0,1.0
mausimo,,,1.0,33.0,,1.0,0.0,0,0,0,0,1.0,0,50.0,
nataliebrown,,0.0,199.0,28.0,0.67032967,39.0,10.0,5001,39,0,1,56.0,0,54.0,1.0
eldave74,37.0,1.0,2.0,43.0,1.0,1.0,0.0,21189,133,0,1,0.0,0,47.0,1.0
j0llero,,,1.0,18.0,1.0,1.0,0.0,938,9,0,1,1.0,0,27.0,
julioenge,29.0,1.0,9.0,28.0,0.714285714,2.0,1.0,69399,47,0,2,0.0,0,65.0,0.0
stra_music,30.0,1.0,32.0,28.3,0.684210526,7.0,0.0,26286,90,0,0,11.0,0,34.0,0.0
jacksknight,,1.0,1.0,27.0,0.0,1.0,0.0,63,0,0,0,1.0,0,12.0,
kyokiseunghyun,17.0,0.0,2.0,17.0,0.0,1.0,0.0,528,302,0,0,9.0,0,21.0,1.0
kiyadarkgreen,25.0,0.0,2.0,25.0,0.0,1.0,0.0,2901,33,0,1,7.0,0,56.0,1.0
sartika,,,3.0,35.0,1.0,2.0,0.0,572,11,0,0,2.0,0,52.0,
gabishay,,,0.0,,,0.0,0.0,21,0,0,0,1.0,0,30.0,
barbwiireee,17.0,0.0,100.0,20.32467533,0.6,15.0,5.0,28764,190,2,0,60.0,0,22.0,1.0
wokoman,21.0,1.0,92.0,23.84848485,0.927710843,5.0,5.0,193803,2102,1251,1,197.0,1,74.0,0.0
ispipipi,,,1.0,34.0,1.0,1.0,1.0,1914,27,0,0,1.0,0,53.0,
charmazeum,,,0.0,,,0.0,0.0,1349,257,0,1,0.0,0,25.0,
rrrroy88,23.0,1.0,23.0,22.22222222,0.45,5.0,0.0,18043,81,0,0,15.0,0,25.0,
bjorchen,,,1.0,20.0,1.0,1.0,0.0,1,0,0,0,6.0,0,50.0,
lalobro,21.0,0.0,5.0,23.25,0.25,2.0,0.0,588,31,0,1,3.0,0,36.0,0.0
sulaf,21.0,1.0,4.0,20.66666667,1.0,1.0,0.0,0,0,0,0,3.0,0,49.0,1.0
kuumajuha,,,3.0,24.0,1.0,1.0,0.0,1920,4,0,1,2.0,0,49.0,
carolcottone,,0.0,3.0,52.0,0.666666667,2.0,0.0,2756,221,0,1,2.0,1,27.0,1.0
kapitannapleta,20.0,1.0,27.0,20.11764706,0.476190476,4.0,0.0,38352,1,0,0,8.0,0,20.0,0.0
tinfoil_tiara,24.0,0.0,4.0,22.0,0.0,1.0,0.0,6125,42,0,0,5.0,0,34.0,1.0
warkoczowa,19.0,0.0,1.0,40.0,1.0,1.0,0.0,202,0,0,0,1.0,0,57.0,0.0
somberbrero,,,2.0,22.0,0.5,1.0,0.0,4,0,0,0,1.0,0,32.0,
flyingfi5h,,,1.0,45.0,0.0,1.0,0.0,146,6,0,2,0.0,0,14.0,
delarroto,25.0,,7.0,26.25,0.571428571,1.0,0.0,3176,1,0,1,41.0,0,56.0,0.0
halpi,21.0,,2.0,21.5,0.5,1.0,0.0,6716,10,0,0,1.0,0,40.0,1.0
liizzaa,21.0,0.0,9.0,23.0,0.5,2.0,0.0,2369,8,0,1,2.0,0,54.0,1.0
chory_czlowiek,19.0,1.0,5.0,20.0,0.6,1.0,0.0,8784,18,0,0,0.0,0,19.0,0.0
pollon78,32.0,0.0,11.0,34.66666667,0.857142857,5.0,0.0,2544,154,2,1,11.0,0,60.0,0.0
pablors_7,20.0,1.0,46.0,21.34375,0.611111111,8.0,1.0,60410,42,5,0,29.0,0,52.0,0.0
ttowandaa,,,0.0,,,0.0,0.0,1420,93,0,1,1.0,0,19.0,
barbu_doru,23.0,1.0,4.0,20.0,0.25,2.0,0.0,9405,335,0,2,17.0,0,53.0,0.0
velanueva,29.0,0.0,1.0,29.0,1.0,1.0,0.0,1293,42,0,1,5.0,0,20.0,0.0
matownsend,44.0,,1.0,40.0,,1.0,0.0,8870,13,0,0,1.0,0,39.0,
nereidaf,,0.0,2.0,,0.0,0.0,0.0,0,0,0,0,2.0,0,44.0,0.0
usmcied,43.0,1.0,0.0,,,0.0,0.0,472,131,0,0,0.0,0,23.0,1.0
grisdbaum,24.0,1.0,10.0,22.0,0.4,1.0,0.0,6391,55,0,0,6.0,0,39.0,1.0
opioupoi,20.0,1.0,78.0,20.04761905,0.648648649,17.0,2.0,9907,59,0,0,33.0,1,24.0,0.0
play3rftw,19.0,,1.0,,1.0,1.0,0.0,1138,1463,0,0,0.0,0,22.0,
forjann,,,0.0,,,0.0,0.0,0,0,0,0,2.0,0,11.0,
japappydee,,1.0,2.0,,0.0,2.0,0.0,1632,1,0,0,3.0,0,16.0,
rust_decay,,,4.0,20.66666667,1.0,2.0,0.0,7760,0,0,0,7.0,0,16.0,
elkozzo,26.0,1.0,3.0,27.5,0.5,1.0,0.0,379,1,1,0,2.0,0,57.0,0.0
dandjlane,,,1.0,,1.0,1.0,0.0,1470,393,0,0,1.0,0,21.0,
baharevmv,24.0,1.0,3.0,20.66666667,0.333333333,2.0,0.0,541,52,0,2,1.0,0,15.0,0.0
paganruler,30.0,1.0,1.0,18.0,0.0,1.0,0.0,985,0,1,0,1.0,0,19.0,1.0
wwwun,,,10.0,20.55555556,0.888888889,7.0,2.0,0,0,0,0,2.0,0,13.0,0.0
kuratakeshima,19.0,0.0,30.0,21.48,0.461538462,10.0,1.0,94537,185,1,1,24.0,0,40.0,0.0
dieschwesther,,,17.0,28.75,0.375,2.0,0.0,5127,155,0,1,3.0,1,38.0,
jekaafm,21.0,0.0,14.0,21.16666667,0.454545455,4.0,1.0,10992,135,0,0,63.0,0,9.0,0.0
kristi-and,19.0,1.0,6.0,20.8,0.8,1.0,0.0,53486,67,0,0,4.0,0,38.0,0.0
johnnyjebus,32.0,,2.0,21.0,1.0,2.0,0.0,862,22,0,0,0.0,0,17.0,1.0
fcolacino,,1.0,1.0,35.0,1.0,1.0,0.0,317,0,0,1,1.0,0,42.0,
jasperhb,,,0.0,,,0.0,0.0,2956,0,0,0,1.0,0,39.0,
timbo87ltj,,1.0,3.0,23.66666667,0.5,1.0,0.0,76,0,0,0,3.0,0,62.0,
frangotrindade,14.0,1.0,1.0,16.0,1.0,1.0,0.0,1049,1,0,0,1.0,0,21.0,0.0
superassi,,,3.0,32.0,0.333333333,2.0,0.0,3660,36,0,1,1.0,0,37.0,
svenska03,21.0,0.0,6.0,25.8,1.0,1.0,0.0,771,26,0,0,8.0,0,38.0,1.0
melcavalera,28.0,1.0,23.0,25.85714286,0.5,3.0,4.0,25977,52,0,3,6.0,0,70.0,0.0
letitdown1625,23.0,0.0,3.0,23.0,0.666666667,2.0,0.0,1905,4,0,1,3.0,0,56.0,
stilts77,,,0.0,,,0.0,0.0,5531,2,0,1,1.0,0,24.0,
dnbfreak123,20.0,1.0,1.0,19.0,1.0,1.0,0.0,192,0,0,1,2.0,0,45.0,1.0
sp_key,,,0.0,,,0.0,0.0,697,6,0,0,1.0,0,40.0,
jp316,,1.0,1.0,23.0,,1.0,0.0,8584,116,0,1,3.0,0,59.0,0.0
goddessbrighid,,0.0,10.0,23.2,0.4,2.0,1.0,18484,170,2,0,8.0,0,33.0,1.0
madonnaeuteamo,35.0,1.0,1.0,17.0,1.0,1.0,0.0,37,0,0,0,5.0,0,27.0,0.0
rhumiche,,1.0,0.0,,,0.0,0.0,6140,0,0,0,1.0,0,13.0,
gunmonkey10,,,3.0,20.5,1.0,1.0,0.0,27933,0,0,0,1.0,0,8.0,
stoyak235,23.0,1.0,1.0,22.0,1.0,1.0,0.0,301,4,0,0,4.0,0,62.0,0.0
alicekate89,21.0,0.0,24.0,23.4,0.818181818,4.0,0.0,32670,21,0,0,8.0,0,29.0,1.0
jo-jo-mo,,,1.0,,,0.0,0.0,1338,5,0,0,2.0,0,7.0,
operations,26.0,1.0,6.0,31.5,0.5,5.0,1.0,7522,127,1,2,0.0,0,56.0,1.0
mjtaken,,0.0,6.0,17.83333333,0.333333333,4.0,0.0,53,8,0,0,8.0,0,23.0,1.0
katyconfusion,20.0,0.0,1.0,24.0,1.0,1.0,0.0,795,641,0,1,2.0,0,48.0,1.0
rilakkuma-chan,17.0,0.0,11.0,18.375,0.727272727,1.0,0.0,4584,42,0,0,4.0,0,16.0,1.0
missexceptional,,0.0,40.0,17.4375,0.368421053,6.0,0.0,17151,61,1,1,122.0,0,32.0,0.0
nlarsson,,1.0,6.0,28.0,1.0,1.0,0.0,4943,0,0,0,1.0,0,36.0,0.0
skrzat1984,,0.0,2.0,24.5,1.0,1.0,1.0,1492,2,0,0,2.0,0,50.0,
blogman_ru,,1.0,0.0,,,0.0,0.0,989,0,0,0,1.0,0,17.0,
fernandopicelli,,,1.0,30.0,1.0,1.0,0.0,174,0,0,0,1.0,0,56.0,
meskalita,21.0,0.0,7.0,25.0,1.0,4.0,0.0,13037,0,0,0,6.0,0,37.0,0.0
yukoimada,23.0,0.0,8.0,37.5,0.6,1.0,1.0,27808,669,0,1,7.0,0,58.0,
licheelichee,19.0,,4.0,24.0,0.333333333,3.0,0.0,1788,4,0,0,5.0,0,26.0,0.0
ugenid,,,1.0,19.0,0.0,1.0,0.0,20523,28,0,0,1.0,0,37.0,
b31ph390r,,,1.0,25.0,,1.0,1.0,18036,46,0,0,1.0,0,37.0,
bombel6789,,,1.0,22.0,0.0,1.0,0.0,60,0,0,0,1.0,0,44.0,
taekken,20.0,0.0,1.0,,0.0,1.0,0.0,4178,49,0,0,0.0,0,24.0,1.0
ksaver91,20.0,1.0,3.0,19.33333333,1.0,1.0,0.0,882,0,0,0,3.0,0,32.0,1.0
xxx13xxx,27.0,1.0,8.0,27.16666667,0.571428571,2.0,0.0,17323,0,0,1,3.0,0,58.0,0.0
devious83,,,0.0,,,0.0,0.0,226,81,0,0,0.0,0,14.0,
halon57,,,1.0,19.0,0.0,1.0,0.0,0,0,0,1,0.0,0,24.0,
isopiia,33.0,0.0,16.0,30.16666667,0.538461539,1.0,0.0,21062,10,1,0,2.0,0,85.0,0.0
opiate23,26.0,0.0,85.0,24.82089552,0.797468354,22.0,4.0,21918,264,0,2,4.0,0,44.0,1.0
spermy27,,,1.0,39.0,1.0,1.0,0.0,766,0,0,0,2.0,0,46.0,
greglaraia616,21.0,1.0,11.0,21.0,0.7,1.0,1.0,60218,2,0,0,2.0,0,28.0,1.0
rrissoul,19.0,1.0,5.0,18.25,0.333333333,4.0,0.0,55,1,0,0,1.0,0,4.0,0.0
markalterio,,,0.0,,,0.0,0.0,16848,1,0,0,1.0,0,16.0,
grantyno1,,1.0,1.0,30.0,1.0,1.0,0.0,331,266,0,0,0.0,0,70.0,
cancionbonita,,,2.0,28.0,0.5,1.0,0.0,10828,40,0,1,0.0,0,33.0,
khsargenius,,1.0,5.0,31.66666667,0.0,2.0,0.0,16896,5281,2,2,5.0,0,62.0,0.0
elektrahouse,26.0,0.0,23.0,32.84615385,0.761904762,13.0,4.0,2676,59,0,0,14.0,0,37.0,
mienai_hoshi,27.0,0.0,1.0,21.0,0.0,1.0,0.0,48,0,0,1,2.0,0,57.0,0.0
annrockefeller,,,1.0,26.0,0.0,1.0,0.0,77,4,0,0,0.0,0,7.0,
demoman666,23.0,,8.0,21.0,0.375,2.0,0.0,15395,27,0,0,3.0,0,29.0,1.0
venzer,,1.0,0.0,,,0.0,0.0,1061,13,0,1,1.0,0,38.0,1.0
varwa,20.0,,2.0,21.0,1.0,1.0,0.0,6,8,0,1,2.0,0,29.0,0.0
andreabuzzo,17.0,0.0,36.0,17.86206897,0.3125,4.0,1.0,12585,4,0,0,23.0,0,23.0,0.0
erinac,25.0,,16.0,24.76923077,0.785714286,3.0,0.0,269087,119,5,1,,1,77.0,0.0
netoa7x,17.0,1.0,2.0,19.0,0.5,1.0,0.0,968,4,0,0,2.0,0,35.0,0.0
lookin4me,,,1.0,20.0,0.0,0.0,0.0,0,0,0,0,2.0,0,61.0,
medike,29.0,1.0,1.0,30.0,0.0,1.0,0.0,3249,0,0,0,1.0,0,78.0,0.0
justinrichards,20.0,1.0,10.0,20.42857143,0.428571429,1.0,0.0,1977,3,0,0,6.0,1,36.0,1.0
dj_brad,,,1.0,,0.0,1.0,0.0,13,0,0,0,1.0,0,42.0,1.0
eddietutoure,14.0,0.0,7.0,16.66666667,0.714285714,1.0,0.0,3651,5,0,1,13.0,0,12.0,1.0
lucso,,,1.0,18.0,1.0,1.0,0.0,277,1,0,1,1.0,0,17.0,
kakahdaschund,20.0,0.0,101.0,23.1125,0.543478261,12.0,12.0,39447,258,0,0,36.0,1,18.0,0.0
franci_88,23.0,,3.0,22.5,0.666666667,1.0,0.0,1181,0,0,0,11.0,0,58.0,1.0
--jeppe--,38.0,,5.0,35.0,1.0,1.0,0.0,46242,17,3,1,11.0,0,72.0,0.0
chaliemuc,,,11.0,24.6,0.625,2.0,1.0,2557,55,0,1,6.0,0,36.0,
tidann,13.0,,1.0,,,1.0,0.0,388,0,0,1,2.0,0,33.0,
mjamjamjam,,,2.0,20.0,0.0,1.0,0.0,233,0,0,0,2.0,0,34.0,
wiktorr90,,,2.0,21.5,1.0,1.0,0.0,39493,23,0,0,2.0,0,41.0,
avesile,,0.0,7.0,36.75,0.6,5.0,0.0,2299,38,0,0,7.0,0,35.0,0.0
caroline_paes,19.0,0.0,73.0,20.4516129,0.753623188,20.0,1.0,29623,5,0,0,18.0,0,29.0,0.0
richi_buehler,,1.0,1.0,,0.0,1.0,0.0,43,19,0,0,1.0,0,64.0,0.0
hahndada,,1.0,3.0,23.5,0.666666667,2.0,0.0,2745,0,0,0,9.0,0,51.0,0.0
clecol,,,0.0,,,0.0,0.0,10247,0,0,0,1.0,0,21.0,
lilviking3,33.0,1.0,0.0,,,0.0,0.0,5938,5,0,1,1.0,0,33.0,1.0
juliabro,15.0,0.0,4.0,17.0,1.0,2.0,0.0,8792,1,0,0,10.0,0,12.0,1.0
pbean77,,,0.0,,,0.0,0.0,1839,0,0,0,1.0,0,18.0,
rlaprelle,,,1.0,25.0,0.0,1.0,0.0,6,0,0,1,1.0,0,61.0,
racamacedo,30.0,0.0,4.0,26.5,1.0,2.0,0.0,2267,92,0,1,2.0,0,42.0,0.0
miscj,,,1.0,22.0,1.0,1.0,0.0,0,0,0,0,1.0,0,14.0,
woolymammal,27.0,1.0,2.0,27.0,1.0,1.0,0.0,4216,3174,0,0,0.0,0,25.0,1.0
generallee666,,1.0,10.0,20.55555556,0.6,1.0,0.0,39075,15,0,0,18.0,0,51.0,1.0
frankhighnote,,,1.0,46.0,1.0,1.0,0.0,717,37,0,0,2.0,0,55.0,
nodakjoe,,,0.0,,,0.0,0.0,616,11,0,0,0.0,0,25.0,
headheartsoul,25.0,0.0,1.0,,,1.0,0.0,42,4,4,0,2.0,0,32.0,1.0
cbomreb,37.0,1.0,1.0,39.0,1.0,1.0,0.0,868,52,0,0,1.0,0,76.0,0.0
mrgasten,21.0,1.0,11.0,30.42857143,1.0,7.0,0.0,25041,0,7,0,6.0,0,57.0,0.0
darkflake,19.0,0.0,168.0,21.80769231,0.523489933,24.0,5.0,44134,239,9,1,76.0,1,46.0,0.0
shahriarhsn,20.0,1.0,189.0,22.23566879,0.748538012,33.0,1.0,11012,85,1,1,761.0,0,29.0,0.0
timeikikowski,,,1.0,17.0,0.0,1.0,0.0,140,2,0,0,1.0,0,16.0,
teka-chan,20.0,0.0,18.0,24.91666667,0.666666667,3.0,1.0,823,99,0,0,5.0,0,28.0,0.0
hajtosos,,1.0,5.0,22.0,0.8,1.0,0.0,15559,119,0,0,0.0,0,39.0,0.0
dedizert,18.0,0.0,10.0,21.11111111,0.777777778,8.0,0.0,17727,139,0,1,38.0,0,25.0,0.0
perrypeekaboo,18.0,1.0,4.0,17.5,0.25,3.0,0.0,2552,179,0,0,21.0,0,25.0,
kon1441,,1.0,3.0,16.0,0.333333333,1.0,0.0,2424,28,0,0,2.0,0,16.0,0.0
notjohnirving,42.0,,8.0,33.66666667,0.714285714,3.0,1.0,140663,1,0,0,6.0,0,31.0,1.0
lyinginmydiary,24.0,0.0,5.0,28.8,1.0,3.0,0.0,24943,0,0,0,6.0,0,71.0,0.0
eyesoftheocean,23.0,1.0,1.0,22.0,1.0,1.0,0.0,422,0,0,0,2.0,0,59.0,1.0
annahhh,,,1.0,30.0,1.0,1.0,0.0,0,0,0,0,1.0,0,38.0,
eileeken,18.0,0.0,4.0,23.66666667,1.0,1.0,0.0,2,0,0,1,4.0,0,31.0,1.0
yazobrien,20.0,0.0,1.0,25.0,1.0,1.0,0.0,3,6,0,1,1.0,0,24.0,1.0
brausestern,23.0,0.0,3.0,22.0,1.0,1.0,0.0,1080,55,0,0,3.0,0,5.0,1.0
kayjay123,22.0,0.0,39.0,22.92,0.580645161,9.0,0.0,15875,1011,18,1,79.0,0,39.0,1.0
thrillllit,,,2.0,25.0,1.0,1.0,0.0,3495,128,0,2,1.0,1,47.0,
pashgo,20.0,1.0,40.0,20.78125,0.583333333,9.0,0.0,81612,268,0,1,47.0,0,54.0,0.0
alexovna,19.0,0.0,7.0,20.5,0.75,2.0,0.0,8491,13,0,1,1.0,0,23.0,0.0
xhitomi,23.0,1.0,6.0,23.0,0.5,2.0,0.0,68421,23,4,0,4.0,0,63.0,1.0
yon_che,28.0,0.0,5.0,24.25,0.2,1.0,0.0,2696,2,0,1,3.0,0,45.0,0.0
whhhhhaaaaat,,,0.0,,,0.0,0.0,1609,396,0,0,0.0,0,13.0,
viesturss,,,3.0,25.5,0.333333333,1.0,1.0,22009,4,0,3,1.0,0,36.0,
hennieliminator,19.0,1.0,14.0,19.5,0.615384615,1.0,1.0,8287,14,1,1,9.0,1,59.0,1.0
salexandra,21.0,0.0,5.0,24.6,1.0,1.0,0.0,1048,16,0,3,6.0,0,43.0,0.0
cleptomanick,,,5.0,19.75,1.0,2.0,0.0,1194,0,0,1,3.0,0,30.0,
tim02021989,,,1.0,22.0,0.0,1.0,0.0,8,0,0,0,1.0,0,53.0,
oviliaa,,0.0,139.0,20.62962963,0.511627907,25.0,0.0,74036,38,0,1,112.0,0,52.0,0.0
yamandarin,,,1.0,21.0,1.0,1.0,0.0,0,0,0,0,1.0,0,23.0,
cackhanded,,1.0,24.0,29.18181818,0.642857143,4.0,1.0,65388,145,0,1,14.0,1,68.0,1.0
valera_semenov,,,2.0,,,1.0,0.0,17027,55,0,0,0.0,0,14.0,
elefantenmaus94,,,3.0,27.66666667,0.333333333,3.0,0.0,12309,97,0,0,1.0,0,24.0,1.0
hjack2111,32.0,1.0,6.0,24.66666667,0.2,2.0,0.0,8995,164,0,2,2.0,1,41.0,1.0
giny_inn,25.0,0.0,38.0,25.17857143,0.676470588,3.0,0.0,21479,66,0,1,25.0,0,31.0,0.0
bigstar3rd,,,0.0,,,0.0,0.0,1458,1,0,0,1.0,0,13.0,
daniel_hobbs,23.0,1.0,11.0,23.11111111,0.6,1.0,0.0,4219,0,0,1,2.0,0,68.0,1.0
kasieeekk,,,0.0,,,0.0,0.0,1,0,0,0,1.0,0,35.0,
sirraustusbear,22.0,1.0,1.0,23.0,1.0,1.0,0.0,39216,437,0,1,3.0,0,33.0,1.0
ltreize,,,0.0,,,0.0,0.0,152,16,0,0,0.0,0,25.0,
kinnala,,1.0,3.0,20.66666667,1.0,1.0,0.0,13,0,0,0,0.0,0,92.0,
rhinorulez,,,1.0,21.0,1.0,1.0,0.0,3,2,0,0,3.0,0,28.0,
nophut,,,3.0,22.5,0.0,1.0,0.0,23399,59,0,0,1.0,0,22.0,1.0
willdunwoody,,,2.0,23.5,0.5,1.0,1.0,4771,4,0,0,2.0,0,28.0,
dinnimccain,,,0.0,,,0.0,0.0,513,1,0,0,2.0,0,19.0,
leojmdugarte,21.0,1.0,5.0,21.0,0.8,3.0,0.0,27855,0,0,0,4.0,0,23.0,0.0
chris-top-her,20.0,1.0,26.0,20.64,0.583333333,3.0,0.0,57067,69,0,0,10.0,0,35.0,0.0
jenivievem,19.0,0.0,1.0,28.0,0.0,1.0,0.0,117,51,0,0,1.0,0,36.0,1.0
arahmanty,20.0,0.0,69.0,21.43103448,0.578125,5.0,2.0,14398,97,1,0,56.0,0,14.0,0.0
sovvie,,,3.0,28.5,0.666666667,2.0,0.0,1943,179,0,4,2.0,0,26.0,
teran150,20.0,1.0,4.0,20.5,1.0,2.0,0.0,11876,0,0,0,7.0,0,17.0,0.0
mocca25,,,3.0,22.66666667,0.666666667,1.0,0.0,31,7,0,0,3.0,0,41.0,
bryla69,,,1.0,25.0,1.0,1.0,0.0,2116,0,0,1,4.0,0,39.0,
muddlegeist,,,4.0,36.0,1.0,1.0,0.0,1516,9,1,0,2.0,0,27.0,
lungardia,25.0,0.0,8.0,26.66666667,1.0,7.0,2.0,5304,145,0,1,0.0,0,55.0,0.0
maionchi,22.0,0.0,1.0,23.0,1.0,1.0,0.0,2767,0,0,0,2.0,0,23.0,
dedeiapet,41.0,0.0,1.0,44.0,0.0,1.0,0.0,3,2,0,1,3.0,0,51.0,0.0
skatiejohnston,24.0,,33.0,25.0,0.827586207,5.0,0.0,33385,16,0,1,49.0,0,55.0,1.0
reggaesailor,,,3.0,41.0,1.0,1.0,0.0,446,144,0,0,3.0,0,55.0,
monogatari-sama,,0.0,25.0,18.21428571,0.157894737,3.0,0.0,15822,24,0,0,29.0,0,13.0,0.0
ashritt,,0.0,3.0,25.33333333,1.0,1.0,0.0,3427,0,0,1,0.0,0,22.0,0.0
cronoflash,,,0.0,,,0.0,0.0,629,11,0,0,0.0,0,34.0,
runewalsh3,,,2.0,28.0,1.0,2.0,0.0,2640,9,1,1,5.0,0,67.0,
h-stars,23.0,0.0,1.0,20.0,0.0,1.0,0.0,0,0,0,1,0.0,0,43.0,0.0
zuzia98,13.0,0.0,4.0,19.5,0.0,1.0,0.0,793,13,0,1,0.0,0,42.0,0.0
pelmer,24.0,1.0,7.0,23.25,0.6,1.0,0.0,6483,0,0,0,4.0,0,62.0,0.0
fraumoppete,,,2.0,37.0,1.0,1.0,1.0,19,0,0,0,2.0,0,20.0,
ieyatsu,31.0,1.0,1.0,37.0,1.0,1.0,0.0,3364,220,0,1,2.0,0,64.0,
eriviolet,20.0,0.0,4.0,20.5,1.0,1.0,0.0,0,0,0,0,1.0,0,31.0,0.0
fidjona,26.0,0.0,13.0,29.7,0.833333333,3.0,0.0,1006,0,0,1,8.0,0,60.0,0.0
guycaf,15.0,1.0,36.0,18.62962963,1.0,4.0,0.0,10966,165,0,0,18.0,0,27.0,0.0
thegringo,,,1.0,,1.0,1.0,0.0,4513,0,0,0,1.0,0,77.0,
kondi5,20.0,1.0,1.0,19.0,1.0,1.0,1.0,5366,146,0,1,1.0,0,22.0,0.0
sof1982,,1.0,7.0,35.66666667,1.0,1.0,0.0,696,8,0,0,5.0,0,12.0,1.0
mibanez,27.0,1.0,1.0,22.0,0.0,1.0,0.0,150,0,0,1,5.0,0,35.0,0.0
stef281,30.0,1.0,1.0,,1.0,1.0,0.0,14620,0,0,2,4.0,0,46.0,0.0
lisaie,,,1.0,21.0,1.0,1.0,0.0,0,0,0,0,2.0,0,41.0,
bjorn82,29.0,1.0,1.0,25.0,0.0,1.0,0.0,39,1,0,0,2.0,0,60.0,0.0
spiritsoldier,25.0,1.0,82.0,24.0,0.444444444,32.0,0.0,37344,0,4,1,192.0,0,58.0,0.0
philbert89,,1.0,1.0,24.0,1.0,1.0,0.0,977,0,0,0,0.0,0,68.0,0.0
leandro-xx,19.0,1.0,2.0,15.0,1.0,1.0,0.0,150,101,0,0,1.0,0,18.0,0.0
gustavo_ro,20.0,1.0,2.0,18.0,0.5,1.0,0.0,303,17,0,0,0.0,0,32.0,0.0
panki2000,21.0,1.0,12.0,21.33333333,0.8,3.0,1.0,56089,0,0,0,3.0,0,60.0,0.0
meister_nick,,,1.0,26.0,1.0,1.0,0.0,337,2,0,0,1.0,0,57.0,
vilhomme,30.0,1.0,7.0,24.75,0.6,3.0,1.0,183071,164,0,1,4.0,0,6.0,0.0
ebbagustafsson,20.0,0.0,1.0,21.0,1.0,1.0,0.0,0,0,0,0,6.0,0,38.0,
keemmaall,21.0,1.0,132.0,21.60344828,0.693548387,22.0,3.0,69689,504,13,0,45.0,1,45.0,0.0
exoplanetary,27.0,1.0,5.0,28.0,0.666666667,1.0,0.0,751,335,0,0,2.0,0,32.0,1.0
superchemadaone,26.0,1.0,5.0,29.33333333,0.5,2.0,0.0,1340,147,0,0,3.0,0,36.0,0.0
vallinux,35.0,1.0,1.0,20.0,0.0,1.0,0.0,105,10,0,0,1.0,0,28.0,0.0
raspuparnanen,,1.0,2.0,26.0,1.0,1.0,0.0,16857,0,0,0,0.0,0,40.0,0.0
happyshansy,18.0,0.0,10.0,24.66666667,0.833333333,1.0,1.0,3970,62,0,0,4.0,0,22.0,1.0
djdmitrov,,,1.0,27.0,0.0,1.0,0.0,0,0,0,0,1.0,0,50.0,
sharpasb,,,0.0,,,0.0,0.0,1057,52,0,0,0.0,0,25.0,
manda_panda90,20.0,0.0,5.0,,0.5,1.0,0.0,22236,26,0,0,18.0,0,23.0,1.0
purplebobby,,,0.0,,,0.0,0.0,12696,20,0,0,1.0,0,33.0,
fangogh,31.0,1.0,14.0,32.4,0.916666667,4.0,2.0,36264,178,0,1,2.0,0,80.0,1.0
n11kaufman,,,1.0,20.0,1.0,1.0,0.0,7,0,0,0,0.0,0,14.0,
iamhomer,,,1.0,,1.0,1.0,0.0,0,0,6,0,1.0,0,60.0,
trippintom,31.0,1.0,5.0,,0.5,2.0,0.0,465,20,0,1,6.0,0,38.0,0.0
jbob1018,,,0.0,,,0.0,0.0,638,1,0,0,0.0,0,25.0,
jplindquist,29.0,1.0,5.0,24.66666667,0.5,1.0,0.0,22563,0,0,0,3.0,0,73.0,1.0
adamrrrrrr,,1.0,3.0,19.33333333,1.0,2.0,0.0,2218,0,0,0,3.0,1,5.0,
lillllie,21.0,0.0,1.0,20.0,0.0,1.0,0.0,2,0,0,0,3.0,0,5.0,1.0
omgitsshev,,,7.0,22.0,0.714285714,2.0,0.0,9263,154,0,1,10.0,1,44.0,1.0
koyuki12345,,,0.0,,,0.0,0.0,794,249,0,0,1.0,0,24.0,
wiacu,23.0,1.0,2.0,23.0,0.0,1.0,0.0,2866,0,0,0,,0,15.0,0.0
dougygyro,32.0,1.0,51.0,31.76,0.5,4.0,1.0,17989,19,0,2,3.0,0,61.0,1.0
rafaferra,,,1.0,42.0,1.0,1.0,0.0,44,1,0,1,1.0,0,45.0,
ice_geniuz,,1.0,34.0,21.17857143,0.606060606,7.0,0.0,96606,1,1,0,4.0,0,52.0,0.0
slesia,,0.0,3.0,27.5,0.666666667,3.0,0.0,1847,72,0,1,2.0,0,37.0,0.0
gazgalaxy,,1.0,1.0,,1.0,0.0,1.0,0,0,0,0,0.0,0,65.0,1.0
prise,,,0.0,,,0.0,0.0,23285,87,0,0,2.0,0,51.0,
jorgedaponte,,1.0,15.0,27.46153846,0.75,2.0,0.0,8760,32,0,1,4.0,0,60.0,0.0
jpizzi3,,0.0,6.0,,1.0,1.0,0.0,28099,15,0,0,2.0,0,43.0,
studioseludi,25.0,1.0,26.0,25.15384615,0.8,3.0,0.0,23080,50,0,0,2.0,0,44.0,0.0
zaiheng,,,0.0,,,0.0,0.0,36,0,0,1,3.0,0,18.0,
nevertoolate1,,,1.0,17.0,1.0,1.0,0.0,69,0,0,0,1.0,0,15.0,
lalester,,,0.0,,,0.0,0.0,19680,116,0,5,1.0,0,20.0,
celestta,27.0,0.0,44.0,31.46428571,0.666666667,6.0,3.0,47825,52,0,1,117.0,0,52.0,0.0
h00ds,26.0,1.0,9.0,20.5,0.833333333,1.0,0.0,158,0,0,2,1.0,0,11.0,
mymatejoel,29.0,1.0,6.0,23.0,0.0,3.0,0.0,2760,5,0,1,10.0,0,52.0,1.0
jhuyser,37.0,1.0,4.0,31.5,0.333333333,1.0,0.0,381,0,0,0,1.0,0,5.0,0.0
sternenfaengerl,,1.0,5.0,30.25,0.75,1.0,0.0,17288,207,0,1,0.0,1,56.0,1.0
little_witch8,19.0,,3.0,19.66666667,0.666666667,1.0,0.0,826,18,0,0,10.0,0,24.0,0.0
chochlikm,22.0,0.0,17.0,21.42857143,0.5625,3.0,0.0,20153,43,0,1,11.0,0,56.0,0.0
onkel_d0815,,1.0,1.0,,1.0,1.0,0.0,4860,0,0,0,1.0,0,36.0,1.0
bigwheel314,25.0,0.0,4.0,24.0,0.5,3.0,0.0,1271,4,0,0,7.0,0,39.0,1.0
amandamaemayhem,22.0,0.0,8.0,20.85714286,0.625,5.0,0.0,13802,0,0,0,3.0,0,24.0,1.0
bustertron,28.0,0.0,1.0,,1.0,1.0,0.0,0,0,0,0,,0,64.0,1.0
dimae,,1.0,2.0,23.0,0.5,2.0,0.0,912,4,0,0,11.0,0,55.0,
krkhan,22.0,1.0,19.0,23.0625,0.588235294,10.0,0.0,13124,0,0,0,22.0,0,63.0,0.0
dasistlaestig,,0.0,5.0,34.5,1.0,3.0,0.0,934,78,0,1,1.0,0,16.0,1.0
rikkydavis,18.0,0.0,8.0,17.5,0.166666667,5.0,0.0,560,5,0,3,1.0,0,29.0,0.0
adrenalinemj,23.0,1.0,12.0,26.66666667,1.0,3.0,0.0,15247,0,0,0,1.0,0,45.0,1.0
fluffybuds,,,0.0,,,0.0,0.0,5026,1015,0,0,0.0,0,25.0,
weezouac,,,1.0,29.0,,1.0,0.0,7477,5,0,0,1.0,0,12.0,
waldemarneto,28.0,1.0,27.0,25.69565217,0.791666667,1.0,0.0,5125,16,0,1,1.0,1,40.0,0.0
jeanninebush,,,0.0,,,0.0,0.0,8245,0,0,2,1.0,0,37.0,
spidysweb87,,,1.0,24.0,1.0,1.0,1.0,563,0,0,0,1.0,0,21.0,
tomramone,22.0,1.0,36.0,21.46153846,0.633333333,3.0,0.0,68149,0,19,0,206.0,0,59.0,0.0
sovietshaffy,,1.0,4.0,21.0,1.0,3.0,0.0,4223,4,0,0,3.0,0,7.0,1.0
jeffhill82,,,3.0,26.0,0.666666667,2.0,1.0,12134,2,0,0,2.0,0,32.0,
sepslayer666,,1.0,88.0,18.90909091,0.804878049,18.0,0.0,44363,2242,0,1,157.0,0,31.0,0.0
ceezar_,18.0,1.0,68.0,19.68421053,0.444444444,5.0,0.0,38437,83,0,0,0.0,0,31.0,0.0
doctorishka,,0.0,2.0,29.0,,1.0,0.0,314,4,0,0,1.0,0,36.0,0.0
magnurr,,1.0,3.0,,0.5,0.0,0.0,1317,72,0,1,0.0,0,46.0,0.0
mcjg94,,1.0,1.0,23.0,0.0,1.0,0.0,9151,0,0,0,1.0,0,31.0,
liacezimbra,21.0,0.0,1.0,30.0,1.0,1.0,0.0,0,0,0,1,1.0,0,43.0,0.0
notevagustar23,,0.0,12.0,25.54545455,0.583333333,2.0,0.0,210,6,11,0,18.0,0,31.0,0.0
mervandeevell,24.0,1.0,5.0,25.5,0.8,1.0,0.0,15326,4,0,0,3.0,0,21.0,0.0
puremadness,18.0,1.0,2.0,19.5,0.5,1.0,0.0,60,44,0,0,1.0,0,31.0,0.0
cenkalti,24.0,1.0,20.0,24.4,0.75,3.0,3.0,14316,14,0,2,6.0,1,79.0,0.0
shatim90,21.0,1.0,11.0,17.83333333,0.714285714,3.0,0.0,18783,0,0,0,34.0,0,29.0,0.0
bluesdoggy,31.0,1.0,0.0,,,0.0,0.0,102,16,0,1,1.0,0,58.0,1.0
lozzzaaa9,19.0,0.0,28.0,22.0,0.769230769,10.0,0.0,40214,339,0,0,19.0,0,34.0,1.0
digji,,,3.0,24.66666667,1.0,1.0,0.0,27,1,0,0,1.0,0,52.0,
joaorlazaro,19.0,1.0,49.0,21.52941177,0.6,3.0,1.0,39004,15,1,0,1.0,0,59.0,0.0
thabataly,21.0,0.0,16.0,22.18181818,0.357142857,9.0,0.0,6473,147,1,1,7.0,0,39.0,0.0
d_ceasar,,,0.0,,,0.0,0.0,602,68,0,0,0.0,0,18.0,
tb_ri,,,1.0,,1.0,1.0,0.0,0,0,0,1,1.0,0,48.0,
marcuschua,,,10.0,20.77777778,0.666666667,2.0,0.0,19021,0,0,0,6.0,0,38.0,
xcessivemachine,34.0,0.0,7.0,25.83333333,0.5,3.0,0.0,11216,189,0,1,4.0,0,64.0,1.0
acarmich,,,1.0,,1.0,1.0,0.0,1350,16,0,1,1.0,0,25.0,
damerassnel,,0.0,36.0,19.75,0.333333333,2.0,0.0,13833,63,2,0,23.0,0,44.0,0.0
yxqer,,1.0,1.0,,0.0,1.0,0.0,7,7,0,0,1.0,0,17.0,1.0
laninnha,23.0,0.0,1.0,21.0,1.0,1.0,0.0,0,126,0,0,3.0,0,35.0,0.0
bibi737,,,0.0,,,0.0,0.0,148,370,0,5,1.0,0,14.0,
erikaemery,17.0,0.0,7.0,22.0,0.166666667,5.0,0.0,8570,403,0,1,0.0,0,37.0,1.0
lazyskits,23.0,1.0,2.0,24.0,0.5,1.0,1.0,145,69,0,1,6.0,0,16.0,0.0
capimerchguy,23.0,1.0,122.0,21.98058252,0.421052632,9.0,3.0,76024,213,5,1,183.0,0,65.0,1.0
langdonmoye,,,0.0,,,0.0,0.0,97079,0,0,0,0.0,0,19.0,
mulah,,,1.0,24.0,0.0,1.0,0.0,664,2,0,1,3.0,0,51.0,
smallandquiet,,,0.0,,,0.0,0.0,2453,10,0,1,1.0,0,20.0,
pave1311,21.0,1.0,26.0,22.28,0.75,3.0,0.0,23381,185,2,1,70.0,0,55.0,0.0
milda175,13.0,0.0,1.0,14.0,0.0,1.0,0.0,23,2,0,0,14.0,0,35.0,0.0
by_thur,21.0,1.0,3.0,21.0,1.0,1.0,0.0,14,0,0,0,3.0,0,62.0,0.0
